<metadata xml:lang="en"><Esri><CreaDate>20220310</CreaDate><CreaTime>11422900</CreaTime><ArcGISFormat>1.0</ArcGISFormat><ArcGISstyle>ISO 19139 Metadata Implementation Specification</ArcGISstyle><SyncOnce>FALSE</SyncOnce><DataProperties><itemProps><itemName Sync="FALSE">AustralianMarineParks</itemName><nativeExtBox><westBL Sync="TRUE">70.717024</westBL><eastBL Sync="TRUE">170.366667</eastBL><southBL Sync="TRUE">-58.449470</southBL><northBL Sync="TRUE">-8.473407</northBL><exTypeCode Sync="TRUE">1</exTypeCode></nativeExtBox><imsContentType export="False">002</imsContentType><itemSize Sync="TRUE">1.292</itemSize><itemLocation><linkage Sync="TRUE">file://\\PVAC01FILE03\erin_share$\Marine\mpa\management_plans\all_parks\export\data_for_FED\NorthWestAMPNetwork\FileGDB\NorthWestAMPNetwork.gdb</linkage><protocol Sync="TRUE">Local Area Network</protocol></itemLocation></itemProps><coordRef><type Sync="TRUE">Geographic</type><geogcsn Sync="TRUE">GCS_GDA_1994</geogcsn><csUnits Sync="TRUE">Angular Unit: Degree (0.017453)</csUnits><peXml Sync="TRUE">&lt;GeographicCoordinateSystem xsi:type='typens:GeographicCoordinateSystem' xmlns:xsi='http://www.w3.org/2001/XMLSchema-instance' xmlns:xs='http://www.w3.org/2001/XMLSchema' xmlns:typens='http://www.esri.com/schemas/ArcGIS/10.6'&gt;&lt;WKT&gt;GEOGCS[&amp;quot;GCS_GDA_1994&amp;quot;,DATUM[&amp;quot;D_GDA_1994&amp;quot;,SPHEROID[&amp;quot;GRS_1980&amp;quot;,6378137.0,298.257222101]],PRIMEM[&amp;quot;Greenwich&amp;quot;,0.0],UNIT[&amp;quot;Degree&amp;quot;,0.0174532925199433],AUTHORITY[&amp;quot;EPSG&amp;quot;,4283]]&lt;/WKT&gt;&lt;XOrigin&gt;-400&lt;/XOrigin&gt;&lt;YOrigin&gt;-400&lt;/YOrigin&gt;&lt;XYScale&gt;2226389776.5071998&lt;/XYScale&gt;&lt;ZOrigin&gt;-100000&lt;/ZOrigin&gt;&lt;ZScale&gt;10000&lt;/ZScale&gt;&lt;MOrigin&gt;-100000&lt;/MOrigin&gt;&lt;MScale&gt;10000&lt;/MScale&gt;&lt;XYTolerance&gt;8.9831530000000083e-10&lt;/XYTolerance&gt;&lt;ZTolerance&gt;0.001&lt;/ZTolerance&gt;&lt;MTolerance&gt;0.001&lt;/MTolerance&gt;&lt;HighPrecision&gt;true&lt;/HighPrecision&gt;&lt;LeftLongitude&gt;-180&lt;/LeftLongitude&gt;&lt;WKID&gt;4283&lt;/WKID&gt;&lt;LatestWKID&gt;4283&lt;/LatestWKID&gt;&lt;/GeographicCoordinateSystem&gt;</peXml></coordRef></DataProperties><SyncDate>20220322</SyncDate><SyncTime>13322700</SyncTime><ModDate>20220322</ModDate><ModTime>17554400</ModTime><scaleRange><minScale>150000000</minScale><maxScale>5000</maxScale></scaleRange><ArcGISProfile>ISO19139</ArcGISProfile><MapLyrSync>TRUE</MapLyrSync></Esri><mdDateSt Sync="TRUE">20220322</mdDateSt><mdStanName>ANZLIC Metadata Profile: An Australian/New Zealand Profile of AS/NZS ISO 19115:2005, Geographic information - Metadata</mdStanName><mdStanVer>1.1</mdStanVer><distInfo><distTranOps><transSize Sync="TRUE">1.292</transSize><onLineSrc><linkage>http://www.environment.gov.au/fed/catalog/main/home.page</linkage><protocol>ESRI map service</protocol><orFunct><OnFunctCd value="001"/></orFunct><orDesc>002</orDesc></onLineSrc><onLineSrc><linkage>http://www.environment.gov.au/mapping/services/ogc_services/Australian_Marine_Parks/MapServer/WMSServer</linkage><protocol>WMS</protocol><orDesc>002</orDesc></onLineSrc><offLineMed><medName><MedNameCd value="015"/></medName></offLineMed></distTranOps><distributor><distorCont><rpOrgName>Australian Government Department of Agriculture, Water and the Environment</rpOrgName><rpCntInfo><cntPhone><voiceNum tddtty="">02 6274 1111</voiceNum><faxNum>02 6274 1666</faxNum></cntPhone><cntAddress addressType="postal"><delPoint>GPO Box 787</delPoint><city>Canberra</city><adminArea>ACT</adminArea><postCode>2601</postCode><country>AU</country><eMailAdd>geospatial@awe.gov.au</eMailAdd></cntAddress><cntOnlineRes><linkage>https://www.environment.gov.au/fed</linkage><orFunct><OnFunctCd value="001"/></orFunct><orDesc>002</orDesc></cntOnlineRes></rpCntInfo><role><RoleCd value="005"/></role><rpPosName>Marine Data Manager</rpPosName></distorCont><distorFormat><formatName>Shapefile</formatName><formatVer>1</formatVer></distorFormat><distorFormat><formatName>ArcGIS Layer File</formatName><formatVer>1</formatVer></distorFormat><distorTran><onLineSrc><linkage>http://www.environment.gov.au/fed/catalog/search/resource/details.page?uuid=%7BCD8877F3-8C39-4A20-A53F-070FBEE5AF3C%7D</linkage><orDesc>002</orDesc><orFunct><OnFunctCd value="001"/></orFunct></onLineSrc><onLineSrc><linkage>https://www.environment.gov.au/mapping/services/ogc_services/Australian_Marine_Parks/MapServer/WMSServer</linkage><orDesc>002</orDesc><orFunct><OnFunctCd value="001"/></orFunct></onLineSrc></distorTran><distorFormat><formatName>ESRI FGDB</formatName><formatVer>1</formatVer></distorFormat></distributor><distFormat><formatName Sync="FALSE">Feature Class</formatName><formatVer>1</formatVer></distFormat></distInfo><dataIdInfo><dsFormat><formatVer>1</formatVer><formatName>Shapefile</formatName></dsFormat><resMaint><maintFreq><MaintFreqCd value="011"/></maintFreq></resMaint><resConst><LegConsts><accessConsts><RestrictCd value="005"/></accessConsts><othConsts>This data has been licensed under the Creative Commons Attribution 4.0 International Licence. More information can be found at http://creativecommons.org.au/learn/licences.</othConsts><useConsts><RestrictCd value="005"/></useConsts></LegConsts></resConst><dataExr><geoEle><GeoBndBox><exTypeCode>1</exTypeCode></GeoBndBox></geoEle></dataExr><idCitation><resTitle>Australian Marine Parks - North-west Network - layer symbology</resTitle><resRefDate><refDate>19820816</refDate><refDateType><DateTypCd value="001"/></refDateType></resRefDate><resRefDate><refDate>20140328</refDate><refDateType><DateTypCd value="003"/></refDateType></resRefDate><citId><MdIdent><identCode>ISOCW0501015737</identCode></MdIdent><identCode>ecedecba-1a39-4933-868f-a96bb3cf4eed</identCode></citId><citRespParty><rpOrgName>Australian Government Department of Agriculture, Water and the Environment</rpOrgName><rpPosName>Marine Data Manager</rpPosName><rpCntInfo><cntPhone><voiceNum tddtty="">02 6274 1111</voiceNum><faxNum>02 6274 1666</faxNum></cntPhone><cntAddress addressType="postal"><delPoint>GPO Box 787</delPoint><city>Canberra</city><adminArea>ACT</adminArea><postCode>2601</postCode><country>Australia</country><eMailAdd>geospatial@awe.gov.au</eMailAdd></cntAddress><cntOnlineRes><linkage>http://www.environment.gov.au/</linkage></cntOnlineRes></rpCntInfo><role><RoleCd value="002"/></role></citRespParty><citRespParty><rpOrgName>Australian Government Department of Agriculture, Water and the Environment</rpOrgName><rpPosName>Metadata Publisher</rpPosName><rpCntInfo><cntPhone><voiceNum tddtty="">(02) 6274 1111</voiceNum><faxNum>02 6274 1666</faxNum></cntPhone><cntAddress addressType="postal"><delPoint>GPO Box 787</delPoint><city>CANBERRA</city><adminArea>ACT</adminArea><postCode>2601</postCode><country>AU</country><eMailAdd>geospatial@awe.gov.au</eMailAdd></cntAddress><cntOnlineRes><linkage>http://www.environment.gov.au/</linkage></cntOnlineRes></rpCntInfo><role><RoleCd value="010"/></role></citRespParty><date><createDate>2018-01-25T00:00:00</createDate><reviseDate>2022-02-09T00:00:00</reviseDate></date><otherCitDet>Australian Marine Parks, (2022) Australian Government Department of Agriculture, Water and the Environment</otherCitDet><presForm><PresFormCd value="005" Sync="TRUE"/></presForm><resAltTitle>MARINE_SDE.AustralianMarineParks</resAltTitle></idCitation><distributor><distorCont><rpPosName>Marine Data Manager</rpPosName></distorCont></distributor><resConst><LegConsts><accessConsts><RestrictCd value="005"/></accessConsts><othConsts>CC BY</othConsts><useConsts><RestrictCd value="005"/></useConsts></LegConsts></resConst><graphOver><bgFileName>http://intspat01.ris.environment.gov.au/metadata_int/images/ecedecba-1a39-4933-868f-a96bb3cf4eed.jpg</bgFileName></graphOver><envirDesc Sync="TRUE"> Version 6.2 (Build 9200) ; Esri ArcGIS 10.6.0.8321</envirDesc><spatRpType><SpatRepTypCd value="001" Sync="TRUE"/></spatRpType><idStatus><ProgCd value="001"/></idStatus><idPoC><rpOrgName>Australian Government Department of Agriculture, Water and the Environment</rpOrgName><rpPosName>Marine Data Manager</rpPosName><rpCntInfo><cntPhone><voiceNum tddtty="">02 6274 1111</voiceNum></cntPhone><cntAddress addressType="postal"><delPoint>GPO Box 787</delPoint><city>Canberra</city><adminArea>ACT</adminArea><postCode>2601</postCode><country>AU</country><eMailAdd>geospatial@awe.gov.au</eMailAdd></cntAddress><cntOnlineRes><linkage>http://www.environment.gov.au/</linkage></cntOnlineRes></rpCntInfo><role><RoleCd value="007"/></role></idPoC><themeKeys><thesaName><resTitle>ANZLIC Search Words</resTitle><date><reviseDate>20080515</reviseDate></date><resEd>Version 2.1</resEd><resEdDate>20080515</resEdDate></thesaName><keyword>MARINE_Conservation</keyword><keyword>MARINE_Planning</keyword><keyword>MARINE_Reserve</keyword><keyword>MARINE_Networks</keyword></themeKeys><dataScale><equScale><rfDenom>150000</rfDenom></equScale></dataScale><suppInfo>published externally</suppInfo><dataLang><languageCode value="eng"/><countryCode value="AUS" Sync="TRUE"/></dataLang><dataChar><CharSetCd value="004"/></dataChar><idCredit>Australian Marine Parks © Commonwealth of Australia, Australian Government Department of Agriculture, Water and the Environment, 2022</idCredit><dataExt><geoEle><GeoBndBox><northBL>-8.881893</northBL><southBL>-58.449470</southBL><westBL>109.233480</westBL><eastBL>170.366667</eastBL><exTypeCode>1</exTypeCode></GeoBndBox></geoEle></dataExt><dataExt><geoEle xmlns=""><GeoBndBox esriExtentType="search"><exTypeCode Sync="TRUE">1</exTypeCode><westBL Sync="TRUE">70.717024</westBL><eastBL Sync="TRUE">170.366667</eastBL><northBL Sync="TRUE">-8.473407</northBL><southBL Sync="TRUE">-58.449470</southBL></GeoBndBox></geoEle></dataExt><idSpecUse><specUsage>Australian Marine Park Boundary</specUsage><usrDetLim>The areas identified should be considered as authoritative, and therefore accurate in the context of their intended use. You must give appropriate credit, provide a link to the licence, and indicate if changes were made.</usrDetLim><usrCntInfo><rpOrgName>Australian Government Department of Agriculture, Water and the Environment</rpOrgName><rpPosName>Marine Data Manager</rpPosName><rpCntInfo><cntPhone><voiceNum tddtty="">02 6274 1111</voiceNum><faxNum>02 6274 1666</faxNum></cntPhone><cntAddress addressType=""><delPoint>GPO Box 787</delPoint><city>Canberra</city><adminArea>ACT</adminArea><postCode>2601</postCode><country>Australia</country><eMailAdd>geospatial@awe.gov.au</eMailAdd></cntAddress><cntOnlineRes><linkage>http://www.environment.gov.au/</linkage></cntOnlineRes></rpCntInfo><displayName>Australian Government Department of Agriculture, Water and the Environment</displayName><role><RoleCd value="002"/></role></usrCntInfo></idSpecUse><resConst><LegConsts><accessConsts><RestrictCd value="001"/></accessConsts><useConsts><RestrictCd value="001"/></useConsts><othConsts>© Commonwealth of Australia (Department of Agriculture, Water and the Environment) 2022</othConsts></LegConsts></resConst><idAbs>&lt;DIV STYLE="text-align:Left;"&gt;&lt;DIV&gt;&lt;DIV&gt;&lt;P&gt;&lt;SPAN&gt;Consistent with the Australian Government's commitment to develop a National Representative System of Marine Protected Areas, networks of marine parks have been proclaimed for Commonwealth waters across the North, North-west, South-west, Temperate East and Coral Sea Marine Regions and, most recently, in the Indian Ocean Territories. These networks build on previous marine protected area proclamations, including the South-east Marine Parks Network declared in 2007. This data contains spatial and contextual information about Australian Marine Parks proclaimed under the Commonwealth Government's Environment Protection and Biodiversity Conservation Act 1999, which are managed by Parks Australia, with the addition of Heard Island and McDonald Islands Marine Reserve, which is managed by the Australian Antarctic Division &lt;/SPAN&gt;&lt;/P&gt;&lt;P&gt;&lt;SPAN&gt;http://www.heardisland.aq/protection-and-management/marine-reserve&lt;/SPAN&gt;&lt;/P&gt;&lt;P&gt;&lt;SPAN /&gt;&lt;/P&gt;&lt;P&gt;&lt;SPAN&gt;This dataset does not include data on marine protected areas in other Australian jurisdictions (e.g. the Great Barrier Reef Marine Park, State/Territory marine parks), or terrestrial protected areas with marine components (e.g. Pulu Keeling National Park). &lt;/SPAN&gt;&lt;/P&gt;&lt;P&gt;&lt;SPAN /&gt;&lt;/P&gt;&lt;P&gt;&lt;SPAN&gt;More information can be found at http://parksaustralia.gov.au/marine&lt;/SPAN&gt;&lt;/P&gt;&lt;P&gt;&lt;SPAN /&gt;&lt;/P&gt;&lt;P&gt;&lt;SPAN&gt;Since the Australian Marine Parks dataset was originally published in 2018 there have been the following updates:&lt;/SPAN&gt;&lt;/P&gt;&lt;P&gt;&lt;SPAN /&gt;&lt;/P&gt;&lt;P&gt;&lt;SPAN&gt;1. A technical amendment was made on the basis of user feedback (April 30th 2019). Macquarie Island was the only marine park affected by this amendment. The area calculation for Macquarie Island Marine Park was previously under reported by 483km2. This will have affected statistical analyses that used the calculated area (KM2) as an input. &lt;/SPAN&gt;&lt;/P&gt;&lt;P&gt;&lt;SPAN&gt;2. A zoning boundary error identified at West Island in Ashmore Reef Marine Park was corrected (March 2022).&lt;/SPAN&gt;&lt;/P&gt;&lt;P&gt;&lt;SPAN&gt;3. Two new Australian Marine Parks were added to this dataset in March 2022; Christmas Island Marine Park and Cocos (Keeling) Islands Marine Park.&lt;/SPAN&gt;&lt;/P&gt;&lt;/DIV&gt;&lt;/DIV&gt;&lt;/DIV&gt;</idAbs><resConst><Consts><useLimit>&lt;DIV STYLE="text-align:Left;"&gt;&lt;DIV&gt;&lt;DIV&gt;&lt;P&gt;&lt;SPAN&gt;This dataset is released under Creative Commons by Attribution 4.0 International (CC BY 4.0).&lt;/SPAN&gt;&lt;/P&gt;&lt;/DIV&gt;&lt;/DIV&gt;&lt;/DIV&gt;</useLimit></Consts></resConst><tpCat><TopicCatCd value="014"/></tpCat><tpCat><TopicCatCd value="003"/></tpCat></dataIdInfo><dqInfo><dataLineage><statement>Australian Marine Parks have been created in accordance with the Australian Government's 'Goals and Principles for the Establishment of the National Representative System of Marine Protected Areas in Commonwealth Waters'. Boundaries of the areas are based on analysis done by the Department of Agriculture, Water and the Environment of key environmental and socio-economic data.

The lines that make up the reserve boundaries were created/sourced as described below:

- parallels and meridians were generated in ArcGIS and then densified to 0.025 decimal degrees (approx. 2.5km) prior to incorporation with other linework. 
- intermediate points along geodesic lines (note that, geodesic lines are the shortest line between points, they are not lines of constant bearing) were generated. A maximum segment length of 5km was used, which for this data ensures geodesic lines are within 1 metre of their true position.
- maritime boundaries were sourced from AMB 2014a v3.0 (Geoscience Australia).
- for Cocos (Keeling) Islands marine park, 30k coastline data (Geoscience Australia, 2010) was used to approximate the high water mark that describes part of the park boundary within the lagoon at South Keeling Islands. Orthophotography (Geoscience Australia, 2011) and 2011 coastline data (Geoscience Australia) were also used to derive the park boundaries of the two National Park Zones at South Keeling Islands
- for the Christmas Island marine park, the inner boundary of the park was defined using three data sources; the Collaborative Australian Protected Areas database (DAWE, 2021), Normal Baselines Limit (AMB 2014a v3.0, Geoscience Australia) and the Port of Christmas Island boundary (created by DAWE as described in the Notice of Declaration of Security Regulated Port - Port of Christmas Island 2013).
 
For each Australian Marine Park, appropriate linework was generated and then used to construct polygons in ArcGIS.</statement></dataLineage><report type="DQAbsExtPosAcc" dimension=""><measResult><ConResult><conSpec><resTitle>Absolute External Positional Accuracy Check</resTitle><date><reviseDate>2022-02-10T00:00:00</reviseDate><refDateType><DateTypCd value="003"/></refDateType></date></conSpec><conExpl>The areas identified should be considered as authoritative, and therefore accurate in the context of their intended use. Line work from the AMB dataset has a scale of approx 150,000.</conExpl><conPass>1</conPass></ConResult></measResult></report><report type="DQNonQuanAttAcc" dimension=""><measResult><ConResult><conSpec><resTitle>Non Quantitative Attribute Accuracy Check</resTitle><date><reviseDate>20190430</reviseDate><refDateType><DateTypCd value="003"/></refDateType></date></conSpec><conExpl>Attributes include NetName (name of each network) ResName (name of each marine reserve), Zone (type of management zone within each reserve), ZoneIUCN (the IUCN assigned to each zone) NatLegend (to apply symbology), PolygonID (unique ID applied to each polygon area) and Area_km2 (area in square kms). The attributes should be considered authoritative.</conExpl><conPass>1</conPass></ConResult></measResult></report><report type="DQConcConsis" dimension=""><measResult><ConResult><conSpec><resTitle>Conceptual Consistency Check</resTitle><date><reviseDate>20190430</reviseDate><refDateType><DateTypCd value="003"/></refDateType></date></conSpec><conExpl>The extent, boundaries and attributes of the data conforms with its intended use.</conExpl><conPass>1</conPass></ConResult></measResult></report><report type="DQCompOm" dimension=""><measResult><ConResult><conSpec><resTitle>Completeness Omission Check</resTitle><date><reviseDate>20190430</reviseDate><refDateType><DateTypCd value="003"/></refDateType></date></conSpec><conExpl>Spatial and attribute data is complete for the Australian Marine Parks.</conExpl><conPass>1</conPass></ConResult></measResult></report><dqScope><scpLvl><ScopeCd value="005"/></scpLvl></dqScope></dqInfo><dataSetURI>withheld</dataSetURI><eainfo><detailed Name="NorthWestAMPNetwork"><enttyp><enttypl Sync="FALSE">AustralianMarineParks</enttypl><enttypt Sync="TRUE">Feature Class</enttypt><enttypc Sync="TRUE">0</enttypc><enttypd>Australian Marine Parks</enttypd><enttypds>http://www.environment.gov.au/fed/catalog/search/resource/details.page?uuid=%7BCD8877F3-8C39-4A20-A53F-070FBEE5AF3C%7D</enttypds></enttyp><attr><attrlabl Sync="TRUE">OBJECTID</attrlabl><attalias Sync="TRUE">OBJECTID</attalias><attrtype Sync="TRUE">OID</attrtype><attwidth Sync="TRUE">4</attwidth><atprecis Sync="TRUE">0</atprecis><attscale Sync="TRUE">0</attscale><attrdef Sync="TRUE">Internal feature number.</attrdef><attrdefs Sync="TRUE">Esri</attrdefs><attrdomv><udom Sync="TRUE">Sequential unique whole numbers that are automatically generated.</udom></attrdomv></attr><attr><attrlabl Sync="TRUE">SHAPE</attrlabl><attalias Sync="TRUE">Shape</attalias><attrtype Sync="TRUE">Geometry</attrtype><attwidth Sync="TRUE">0</attwidth><atprecis Sync="TRUE">0</atprecis><attscale Sync="TRUE">0</attscale><attrdef Sync="TRUE">Feature geometry.</attrdef><attrdefs Sync="TRUE">ESRI</attrdefs><attrdomv><udom Sync="TRUE">Coordinates defining the features.</udom></attrdomv></attr><attr><attrlabl Sync="TRUE">NetName</attrlabl><attalias Sync="TRUE">NetName</attalias><attrtype Sync="TRUE">String</attrtype><attwidth Sync="TRUE">254</attwidth><atprecis Sync="TRUE">0</atprecis><attscale Sync="TRUE">0</attscale><attrdef>Name of each Network</attrdef><attrdefs>1</attrdefs><attrdomv><udom>There are 8 unique values for network name</udom></attrdomv></attr><attr><attrlabl Sync="TRUE">ResName</attrlabl><attalias Sync="TRUE">ResName</attalias><attrtype Sync="TRUE">String</attrtype><attwidth Sync="TRUE">254</attwidth><atprecis Sync="TRUE">0</atprecis><attscale Sync="TRUE">0</attscale><attrdef>Name of reserve</attrdef><attrdefs>2</attrdefs><attrdomv><udom>There are 61 unique values for reserve name</udom></attrdomv></attr><attr><attrlabl Sync="TRUE">ZoneName</attrlabl><attalias Sync="TRUE">ZoneName</attalias><attrtype Sync="TRUE">String</attrtype><attwidth Sync="TRUE">254</attwidth><atprecis Sync="TRUE">0</atprecis><attscale Sync="TRUE">0</attscale><attrdef>Type of management zone within each reserve</attrdef><attrdefs>3</attrdefs><attrdomv><udom>There are 12 unique values for zone name</udom></attrdomv></attr><attr><attrlabl Sync="TRUE">ZoneIUCN</attrlabl><attalias Sync="TRUE">ZoneIUCN</attalias><attrtype Sync="TRUE">String</attrtype><attwidth Sync="TRUE">5</attwidth><atprecis Sync="TRUE">0</atprecis><attscale Sync="TRUE">0</attscale><attrdef>The IUCN category assigned to each zone</attrdef><attrdefs>4</attrdefs><attrdomv><udom>There are 4 unique values for zone IUCN</udom></attrdomv></attr><attr><attrlabl Sync="TRUE">PolygonID</attrlabl><attalias Sync="TRUE">PolygonID</attalias><attrtype Sync="TRUE">String</attrtype><attwidth Sync="TRUE">10</attwidth><atprecis Sync="TRUE">0</atprecis><attscale Sync="TRUE">0</attscale><attrdef>Unique ID applied to each polygon area</attrdef><attrdefs>5</attrdefs><attrdomv><udom>Each polygon in this dataset has a unique ID</udom></attrdomv></attr><attr><attrlabl Sync="TRUE">NatLegend</attrlabl><attalias Sync="TRUE">NatLegend</attalias><attrtype Sync="TRUE">String</attrtype><attwidth Sync="TRUE">254</attwidth><atprecis Sync="TRUE">0</atprecis><attscale Sync="TRUE">0</attscale><attrdef>Zone type and IUCN category used to assign symbology</attrdef><attrdefs>6</attrdefs><attrdomv><udom>There are 12 unique values in the NatLegend field</udom></attrdomv></attr><attr><attrlabl Sync="TRUE">Area_KM2</attrlabl><attalias Sync="TRUE">Area_KM2</attalias><attrtype Sync="TRUE">Double</attrtype><attwidth Sync="TRUE">8</attwidth><atprecis Sync="TRUE">0</atprecis><attscale Sync="TRUE">0</attscale><attrdef>Area calculated in square kilometres </attrdef><attrdefs>7</attrdefs><attrdomv><udom>Area calculated in square kilometres </udom></attrdomv></attr><attr><attrlabl Sync="TRUE">Shape_Length</attrlabl><attalias Sync="TRUE">Shape_Length</attalias><attrtype Sync="TRUE">Double</attrtype><attwidth Sync="TRUE">8</attwidth><atprecis Sync="TRUE">0</atprecis><attscale Sync="TRUE">0</attscale><attrdef Sync="TRUE">Length of feature in internal units.</attrdef><attrdefs Sync="TRUE">Esri</attrdefs><attrdomv><udom Sync="TRUE">Positive real numbers that are automatically generated.</udom></attrdomv></attr><attr><attrlabl Sync="TRUE">Shape_Area</attrlabl><attalias Sync="TRUE">Shape_Area</attalias><attrtype Sync="TRUE">Double</attrtype><attwidth Sync="TRUE">8</attwidth><atprecis Sync="TRUE">0</atprecis><attscale Sync="TRUE">0</attscale><attrdef Sync="TRUE">Area of feature in internal units squared.</attrdef><attrdefs Sync="TRUE">Esri</attrdefs><attrdomv><udom Sync="TRUE">Positive real numbers that are automatically generated.</udom></attrdomv></attr></detailed></eainfo><mdLang><languageCode value="eng" Sync="TRUE"/><countryCode value="AUS" Sync="TRUE"/></mdLang><mdHrLv><ScopeCd value="005" Sync="TRUE"/></mdHrLv><mdHrLvName Sync="TRUE">dataset</mdHrLvName><refSysInfo><RefSystem dimension=""><refSysID><identCode code="4283" Sync="TRUE"/><idCodeSpace Sync="TRUE">EPSG</idCodeSpace><idVersion Sync="TRUE">8.3.4(3.0.1)</idVersion></refSysID></RefSystem></refSysInfo><spatRepInfo><VectSpatRep><geometObjs Name="NorthWestAMPNetwork"><geoObjTyp><GeoObjTypCd value="002" Sync="TRUE"/></geoObjTyp><geoObjCnt Sync="TRUE">0</geoObjCnt></geometObjs><topLvl><TopoLevCd value="001" Sync="TRUE"/></topLvl></VectSpatRep></spatRepInfo><spdoinfo><ptvctinf><esriterm Name="NorthWestAMPNetwork"><efeatyp Sync="TRUE">Simple</efeatyp><efeageom code="4" Sync="TRUE"/><esritopo Sync="TRUE">FALSE</esritopo><efeacnt Sync="TRUE">0</efeacnt><spindex Sync="TRUE">TRUE</spindex><linrefer Sync="TRUE">FALSE</linrefer></esriterm></ptvctinf></spdoinfo><idinfo><citation><citeinfo><title>Australian Marine Parks</title></citeinfo></citation></idinfo><mdChar><CharSetCd value="004" Sync="TRUE"/></mdChar><mdFileID>ecedecba-1a39-4933-868f-a96bb3cf4eed</mdFileID><mdContact><rpOrgName>Australian Government Department of Agriculture, Water and the Environment</rpOrgName><rpPosName>Marine Parks and Islands Branch, Parks Australia</rpPosName><rpCntInfo><cntPhone><voiceNum tddtty="">1800 069 352</voiceNum></cntPhone><cntAddress addressType="physical"><delPoint>Edgar Waite Building, 203 Channel Highway</delPoint><city>Kingston</city><adminArea>TAS</adminArea><postCode>7050</postCode><country>AU</country><eMailAdd>marineparks@awe.gov.au</eMailAdd></cntAddress><cntOnlineRes><linkage>http://www.environment.gov.au/</linkage></cntOnlineRes></rpCntInfo><role><RoleCd value="003"/></role></mdContact><mdMaint><maintFreq><MaintFreqCd value="011"/></maintFreq><maintCont><rpOrgName>Australian Government Department of Agriculture, Water and the Environment</rpOrgName><rpCntInfo><cntPhone><voiceNum tddtty="">02 6274 1111</voiceNum></cntPhone><cntAddress addressType="postal"><delPoint>GPO Box 787</delPoint><city>Canberra</city><adminArea>ACT</adminArea><postCode>2601</postCode><country>AU</country><eMailAdd>geospatial@awe.gov.au</eMailAdd></cntAddress><cntOnlineRes><linkage>http://www.environment.gov.au/fed</linkage></cntOnlineRes></rpCntInfo><role><RoleCd value="002"/></role><displayName>Australian Government Department of Agriculture, Water and the Environment</displayName><rpPosName>Marine Data Manager</rpPosName></maintCont></mdMaint><Department><mog2020 checkDate="20200625">distInfo/distributor/distorCont/rpOrgName,dataIdInfo/idCitation/citRespParty[1]/rpOrgName,dataIdInfo/idCitation/citRespParty[2]/rpOrgName,dataIdInfo/idCitation/otherCitDet,dataIdInfo/resConst[3]/LegConsts/othConsts,dataIdInfo/idPoC/rpOrgName,dataIdInfo/idCredit,dqInfo/dataLineage/statement,mdContact/rpOrgName,mdMaint/maintCont/rpOrgName,mdMaint/maintCont/displayName</mog2020></Department><mdConst><LegConsts><accessConsts><RestrictCd value="005"/></accessConsts><useConsts><RestrictCd value="001"/></useConsts><useLimit>This dataset is released under Creative Commons by Attribution 4.0 International (CC BY 4.0).</useLimit></LegConsts></mdConst></metadata>
