<?xml version="1.0"?>
<metadata xml:lang="en"><Esri><CreaDate>20220322</CreaDate><CreaTime>17421600</CreaTime><ArcGISFormat>1.0</ArcGISFormat><SyncOnce>TRUE</SyncOnce><scaleRange><minScale>150000000</minScale><maxScale>5000</maxScale></scaleRange><DataProperties><itemProps><imsContentType export="False"/></itemProps></DataProperties><ArcGISProfile>ISO19139</ArcGISProfile></Esri><dataIdInfo><idAbs>&lt;DIV STYLE="text-align:Left;"&gt;&lt;DIV&gt;&lt;DIV&gt;&lt;P&gt;&lt;SPAN&gt;Consistent with the Australian Government's commitment to develop a National Representative System of Marine Protected Areas, networks of marine parks have been proclaimed for Commonwealth waters across the North, North-west, South-west, Temperate East and Coral Sea Marine Regions and, most recently, in the Indian Ocean Territories. These networks build on previous marine protected area proclamations, including the South-east Marine Parks Network declared in 2007. This data contains spatial and contextual information about Australian Marine Parks proclaimed under the Commonwealth Government's Environment Protection and Biodiversity Conservation Act 1999, which are managed by Parks Australia, with the addition of Heard Island and McDonald Islands Marine Reserve, which is managed by the Australian Antarctic Division &lt;/SPAN&gt;&lt;/P&gt;&lt;P&gt;&lt;SPAN&gt;http://www.heardisland.aq/protection-and-management/marine-reserve&lt;/SPAN&gt;&lt;/P&gt;&lt;P&gt;&lt;SPAN /&gt;&lt;/P&gt;&lt;P&gt;&lt;SPAN&gt;This dataset does not include data on marine protected areas in other Australian jurisdictions (e.g. the Great Barrier Reef Marine Park, State/Territory marine parks), or terrestrial protected areas with marine components (e.g. Pulu Keeling National Park). &lt;/SPAN&gt;&lt;/P&gt;&lt;P&gt;&lt;SPAN /&gt;&lt;/P&gt;&lt;P&gt;&lt;SPAN&gt;More information can be found at http://parksaustralia.gov.au/marine&lt;/SPAN&gt;&lt;/P&gt;&lt;P&gt;&lt;SPAN /&gt;&lt;/P&gt;&lt;P&gt;&lt;SPAN&gt;Since this dataset was originally published in 2018 there have been the following updates:&lt;/SPAN&gt;&lt;/P&gt;&lt;P&gt;&lt;SPAN /&gt;&lt;/P&gt;&lt;P&gt;&lt;SPAN&gt;1. A technical amendment was made on the basis of user feedback (April 30th 2019). Macquarie Island was the only marine park affected by this amendment. The area calculation for Macquarie Island Marine Park was previously under reported by 483km2. This will have affected statistical analyses that used the calculated area (KM2) as an input. &lt;/SPAN&gt;&lt;/P&gt;&lt;P&gt;&lt;SPAN&gt;2. A zoning boundary error identified at West Island in Ashmore Reef Marine Park was corrected (March 2022).&lt;/SPAN&gt;&lt;/P&gt;&lt;P&gt;&lt;SPAN&gt;3. Two new Australian Marine Parks were added to this dataset in March 2022; Christmas Island Marine Park and Cocos (Keeling) Islands Marine Park.&lt;/SPAN&gt;&lt;/P&gt;&lt;P&gt;&lt;SPAN /&gt;&lt;/P&gt;&lt;/DIV&gt;&lt;/DIV&gt;&lt;/DIV&gt;</idAbs><idCredit>Australian Marine Parks © Commonwealth of Australia, Australian Government Department of Agriculture, Water and the Environment, 2022</idCredit><idCitation xmlns=""><resTitle>Australian Marine Parks - North-west Network - zone outline</resTitle><date><createDate>2018-01-25T00:00:00</createDate><reviseDate>2022-03-22T00:00:00</reviseDate></date></idCitation><dataLang><languageCode value="eng"/></dataLang><dataChar><CharSetCd value="004"/></dataChar><resConst><Consts><useLimit>&lt;DIV STYLE="text-align:Left;"&gt;&lt;DIV&gt;&lt;P&gt;&lt;SPAN&gt;This dataset is released under Creative Commons by Attribution 4.0 International (CC BY 4.0).&lt;/SPAN&gt;&lt;/P&gt;&lt;/DIV&gt;&lt;/DIV&gt;</useLimit></Consts></resConst><tpCat><TopicCatCd value="003"/></tpCat><tpCat><TopicCatCd value="014"/></tpCat></dataIdInfo><mdHrLv><ScopeCd value="005"/></mdHrLv><mdLang><languageCode value="eng"/></mdLang><mdChar><CharSetCd value="004"/></mdChar><mdDateSt Sync="TRUE">20220322</mdDateSt><mdContact xmlns=""><editorSource>external</editorSource><editorDigest>6ffe2c1c71373cdf897d7b99208ecca</editorDigest><rpOrgName>Australian Government Department of Agriculture, Water and the Environment</rpOrgName><rpPosName>Marine Data Manager</rpPosName><rpCntInfo xmlns=""><cntPhone><voiceNum tddtty="">02 6274 1111</voiceNum><faxNum>02 6274 1666</faxNum></cntPhone><cntAddress addressType="postal"><delPoint>GPO Box 787</delPoint><city>Canberra</city><adminArea>ACT</adminArea><postCode>2601</postCode><country>AU</country><eMailAdd>geospatial@awe.gov.au</eMailAdd></cntAddress><cntOnlineRes xmlns=""><linkage>http://www.environment.gov.au/</linkage></cntOnlineRes></rpCntInfo><editorSave>True</editorSave><displayName>Australian Government Department of Agriculture, Water and the Environment</displayName><role><RoleCd value="010"/></role></mdContact></metadata>
