Source,SamplingMethod,SampleID,CollectionDate,Genus,Species,Location,Latitude,Longitude,StartLat,StartLong,MidLat,MidLong,EndLat,EndLong,ReleaseLat,ReleaseLong,Depth_m,ShotDuration_mins,Sex,Weight_g,SVL_cm,TailL_cm,PIT_tag,DArTseq,Notes
trawled_seasnakes.xlsx,Trawl,SS141019-01,2014/10/19,Aipysurus,apraefrontalis,Exmouth Gulf,,,-22.080783,114.281950,-22.115392,114.247642,-22.150000,114.213333,,,14.40,120,,,,,,,
trawled_seasnakes.xlsx,Trawl,SS150327-01,2015/03/27,Aipysurus,apraefrontalis,Exmouth Gulf,,,-22.235667,114.281933,-22.208567,114.282133,-22.181467,114.282333,,,9.90,60,,,,,,,
trawled_seasnakes.xlsx,Trawl,SS150327-02,2015/03/27,Aipysurus,apraefrontalis,Exmouth Gulf,,,-22.235667,114.281933,-22.208567,114.282133,-22.181467,114.282333,,,9.90,60,,,,,,,
trawled_seasnakes.xlsx,Trawl,SS150511-02,2015/05/11,Aipysurus,apraefrontalis,Exmouth Gulf,,,-22.235400,114.282683,-22.208700,114.282142,-22.182000,114.281600,,,9.90,60,,,,,,,
trawled_seasnakes.xlsx,Trawl,SS150512-02,2015/05/12,Aipysurus,apraefrontalis,Exmouth Gulf,,,-22.151533,114.275200,-22.115558,114.305417,-22.079583,114.335633,,,11.90,90,,,,,,,
trawled_seasnakes.xlsx,Trawl,SS150906-01,2015/09/06,Aipysurus,apraefrontalis,Exmouth Gulf,,,-22.057867,114.324717,-22.032083,114.348975,-22.006300,114.373233,,,11.40,60,,,,,,,
trawled_seasnakes.xlsx,Trawl,SS151005-01,2015/10/05,Aipysurus,apraefrontalis,Exmouth Gulf,,,-22.080467,114.290983,-22.110492,114.249600,-22.140517,114.208217,,,13.10,120,,,,,,,
trawled_seasnakes.xlsx,Trawl,SS151007-01,2015/10/07,Aipysurus,apraefrontalis,Exmouth Gulf,,,-22.108900,114.231917,-22.125100,114.219642,-22.141300,114.207367,,,14.80,60,,,,,,,
trawled_seasnakes.xlsx,Trawl,SS160316-03,2016/03/16,Aipysurus,apraefrontalis,Exmouth Gulf,,,-22.233833,114.281517,-22.203300,114.281958,-22.172767,114.282400,,,9.80,60,,,,,,,
trawled_seasnakes.xlsx,Trawl,SS160317-01,2016/03/17,Aipysurus,apraefrontalis,Exmouth Gulf,,,-22.134000,114.171617,-22.132792,114.188733,-22.131583,114.205850,,,14.50,90,,,,,,,
trawled_seasnakes.xlsx,Trawl,SS160318-03,2016/03/18,Aipysurus,apraefrontalis,Exmouth Gulf,,,-22.059817,114.280583,-22.097758,114.251950,-22.135700,114.223317,,,15.20,90,,,,,,,
trawled_seasnakes.xlsx,Trawl,SS160330-02,2016/03/30,Aipysurus,apraefrontalis,Exmouth Gulf,,,-22.278333,114.160067,-22.278300,114.162967,-22.278267,114.165867,,,5.80,60,,,,,,,
trawled_seasnakes.xlsx,Trawl,SS160330-03,2016/03/30,Aipysurus,apraefrontalis,Exmouth Gulf,,,-22.264667,114.166650,-22.254558,114.194458,-22.244450,114.222267,,,5.70,90,,,,,,,
trawled_seasnakes.xlsx,Trawl,SS160330-04,2016/03/30,Aipysurus,apraefrontalis,Exmouth Gulf,,,-22.234683,114.282017,-22.206725,114.283300,-22.178767,114.284583,,,10.10,60,,,,,,,
trawled_seasnakes.xlsx,Trawl,SS160429-03,2016/04/29,Aipysurus,apraefrontalis,Exmouth Gulf,,,-22.216500,114.147650,-22.220042,114.159358,-22.223583,114.171067,,,10.00,90,,,,,,,
trawled_seasnakes.xlsx,Trawl,SS160430-03,2016/04/30,Aipysurus,apraefrontalis,Exmouth Gulf,,,-22.155717,114.274017,-22.127842,114.300525,-22.099967,114.327033,,,12.00,90,,,,,,,
trawled_seasnakes.xlsx,Trawl,SS160501-01,2016/05/01,Aipysurus,apraefrontalis,Exmouth Gulf,,,-22.067483,114.316533,-22.101233,114.315700,-22.134983,114.314867,,,11.00,90,,,,,,,
trawled_seasnakes.xlsx,Trawl,SS160601-02,2016/06/01,Aipysurus,apraefrontalis,Exmouth Gulf,,,-21.762150,114.363100,-21.785342,114.353558,-21.808533,114.344017,,,15.00,60,,,,,,,
trawled_seasnakes.xlsx,Trawl,SS160824-01,2016/08/24,Aipysurus,apraefrontalis,Exmouth Gulf,,,-22.053767,114.268067,-21.990042,114.311125,-21.926317,114.354183,,,15.50,150,,,,,,,
trawled_seasnakes.xlsx,Trawl,SS160923-01,2016/09/23,Aipysurus,apraefrontalis,Exmouth Gulf,,,-22.149400,114.251033,-22.125117,114.270542,-22.100833,114.290050,,,12.20,150,,,,,,,
trawled_seasnakes.xlsx,Trawl,SS160924-01,2016/09/24,Aipysurus,apraefrontalis,Exmouth Gulf,,,-22.226183,114.328517,-22.214708,114.320783,-22.203233,114.313050,,,7.80,30,,,,,,,
trawled_seasnakes.xlsx,Trawl,SS160925-01,2016/09/25,Aipysurus,apraefrontalis,Exmouth Gulf,,,-21.915883,114.355517,-21.953308,114.310467,-21.990733,114.265417,,,16.90,120,,,,,,,
trawled_seasnakes.xlsx,Trawl,SS170307-02,2017/03/07,Aipysurus,apraefrontalis,Exmouth Gulf,,,-22.074183,114.314117,-22.110192,114.288025,-22.146200,114.261933,,,11.90,90,,,,,,,
trawled_seasnakes.xlsx,Trawl,SS170419-01,2017/04/19,Aipysurus,apraefrontalis,Exmouth Gulf,,,-22.198333,114.311550,-22.211217,114.319642,-22.224100,114.327733,,,8.20,30,,,,,,,
trawled_seasnakes.xlsx,Trawl,SS171013-03,2017/10/13,Aipysurus,apraefrontalis,Pilbara,,,,,-19.688931,118.220874,,,,,51.50,,,,,,,,"W25, RV Investigator, from ALA: Catch composition and measurement records from trawling, RV Investigator voyage IN2017_V05, North West Shelf, Australia (2017)"
trawled_seasnakes.xlsx,Trawl,SS191022-02,2019/10/22,Aipysurus,apraefrontalis,Exmouth Gulf,,,-22.148533,114.252617,-22.116308,114.276400,-22.084083,114.300183,,,12.50,120,,,,,,,
trawled_seasnakes.xlsx,Trawl,SS200303-02,2020/03/03,Aipysurus,apraefrontalis,Exmouth Gulf,,,-22.258533,114.169850,-22.252117,114.202433,-22.245700,114.235017,,,5.50,90,,,,,,,
trawled_seasnakes.xlsx,Trawl,SS200305-03,2020/03/05,Aipysurus,apraefrontalis,Exmouth Gulf,,,-22.141250,114.205350,-22.104025,114.238500,-22.066800,114.271650,,,13.70,90,,,,,,,
trawled_seasnakes.xlsx,Trawl,SS200316-02,2020/03/16,Aipysurus,apraefrontalis,Exmouth Gulf,,,-22.227200,114.326133,-22.214808,114.319275,-22.202417,114.312417,,,7.70,30,,,,,,,
trawled_seasnakes.xlsx,Trawl,SS200416-04,2020/04/16,Aipysurus,apraefrontalis,Exmouth Gulf,,,-21.819767,114.575017,-21.791133,114.584958,-21.762500,114.594900,,,8.70,60,,,,,,,
trawled_seasnakes.xlsx,Trawl,SS200416-05,2020/04/16,Aipysurus,apraefrontalis,Exmouth Gulf,,,-21.847900,114.326433,-21.863017,114.308450,-21.878133,114.290467,,,18.80,60,,,,,,,
trawled_seasnakes.xlsx,Trawl,SS200910-01,2020/09/10,Aipysurus,apraefrontalis,Exmouth Gulf,,,-22.064883,114.320317,-22.002808,114.357808,-21.940733,114.395300,,,10.10,150,,,,,,,
trawled_seasnakes.xlsx,Trawl,SS210308-02,2021/03/08,Aipysurus,apraefrontalis,Exmouth Gulf,,,-22.167000,114.244000,-22.166575,114.214542,-22.166150,114.185083,,,12.00,90,,,,,,,
trawled_seasnakes.xlsx,Trawl,SS210309-02,2021/03/09,Aipysurus,apraefrontalis,Exmouth Gulf,,,-22.102900,114.141400,-22.135550,114.146050,-22.168200,114.150700,,,15.90,90,,,,,,,
trawled_seasnakes.xlsx,Trawl,SS210803-1,2021/08/03,aipysurus,apraefrontalis,Exmouth Gulf,,,-21.965000,114.253833,-21.985842,114.228033,-22.006683,114.202233,,,,60,,,,,,,
trawled_seasnakes.xlsx,Trawl,SS211105,2021/11/05,Aipysurus,apraefrontalis,Shark Bay,,,-25.921200,113.226200,-25.912275,113.224450,-25.903350,113.222700,,,10.20,20,,,,,,,
trawled_seasnakes.xlsx,Trawl,SS090405-01,2009/04/05,Aipysurus,foliosquama,Shark Bay,,,-25.577000,113.211500,-25.577000,113.211500,,,,,,60,,,,,,,
trawled_seasnakes.xlsx,Trawl,SS140818-01,2014/08/18,Aipysurus,foliosquama,Shark Bay,,,-25.399917,113.640650,-25.390250,113.626825,-25.380583,113.613000,,,13.70,30,,,,,,,
trawled_seasnakes.xlsx,Trawl,SS140818-03,2014/08/18,Aipysurus,foliosquama,Shark Bay,,,-25.392417,113.588917,-25.385683,113.580458,-25.378950,113.572000,,,14.20,30,,,,,,,
trawled_seasnakes.xlsx,Trawl,SS141120-03,2014/11/20,Aipysurus,foliosquama,Shark Bay,,,-25.552667,113.201783,-25.562158,113.201975,-25.571650,113.202167,,,18.10,20,,,,,,,
trawled_seasnakes.xlsx,Trawl,SS150211-01,2015/02/11,Aipysurus,foliosquama,Shark Bay,,,-25.156183,113.582050,-25.163042,113.589442,-25.169900,113.596833,,,12.90,20,,,,,,,
trawled_seasnakes.xlsx,Trawl,SS150216-01,2015/02/16,Aipysurus,foliosquama,Shark Bay,,,-25.259167,113.447217,-25.250083,113.445692,-25.241000,113.444167,,,16.20,20,,,,,,,
trawled_seasnakes.xlsx,Trawl,SS150217-01,2015/02/17,Aipysurus,foliosquama,Shark Bay,,,-25.656583,113.257150,-25.665675,113.257158,-25.674767,113.257167,,,16.00,20,,,,,,,
trawled_seasnakes.xlsx,Trawl,SS150316-01,2015/03/16,Aipysurus,foliosquama,Shark Bay,,,-25.412950,113.422667,-25.400458,113.420417,-25.387967,113.418167,,,14.10,25,,,,,,,
trawled_seasnakes.xlsx,Trawl,SS150316-02,2015/03/16,Aipysurus,foliosquama,Shark Bay,,,-25.412950,113.422667,-25.400458,113.420417,-25.387967,113.418167,,,14.10,25,,,,,,,
trawled_seasnakes.xlsx,Trawl,SS150318-01,2015/03/18,Aipysurus,foliosquama,Shark Bay,,,-25.134833,113.426200,-25.121333,113.419850,-25.107833,113.413500,,,18.70,30,,,,,,,
trawled_seasnakes.xlsx,Trawl,SS150412-04,2015/04/12,Aipysurus,foliosquama,Shark Bay,,,-24.956867,113.273667,-24.964267,113.278358,-24.971667,113.283050,,,19.50,20,,,,,,,
trawled_seasnakes.xlsx,Trawl,SS150412-06,2015/04/12,Aipysurus,foliosquama,Shark Bay,,,-25.105783,113.329800,-25.114100,113.332625,-25.122417,113.335450,,,22.20,20,,,,,,,
trawled_seasnakes.xlsx,Trawl,SS150413-02,2015/04/13,Aipysurus,foliosquama,Shark Bay,,,-25.375733,113.441483,-25.384867,113.440683,-25.394000,113.439883,,,13.80,20,,,,,,,
trawled_seasnakes.xlsx,Trawl,SS150512-03,2015/05/12,Aipysurus,foliosquama,Shark Bay,,,-25.338650,113.558533,-25.329492,113.553908,-25.320333,113.549283,,,14.10,20,,,,,,,
trawled_seasnakes.xlsx,Trawl,SS151110-01,2015/11/10,Aipysurus,foliosquama,Shark Bay,,,-25.366817,113.667150,-25.375183,113.670117,-25.383550,113.673083,,,13.40,20,,,,,,,
trawled_seasnakes.xlsx,Trawl,SS151113-01,2015/11/13,Aipysurus,foliosquama,Shark Bay,,,-24.883850,113.276767,-24.875133,113.277758,-24.866417,113.278750,,,19.90,20,,,,,,,
trawled_seasnakes.xlsx,Trawl,SS151114-01,2015/11/14,Aipysurus,foliosquama,Shark Bay,,,-24.952300,113.199833,-24.961317,113.197608,-24.970333,113.195383,,,16.70,20,,,,,,,
trawled_seasnakes.xlsx,Trawl,SS151118-02,2015/11/18,Aipysurus,foliosquama,Shark Bay,,,-25.572583,113.201733,-25.563775,113.203550,-25.554967,113.205367,,,18.00,20,,,,,,,
trawled_seasnakes.xlsx,Trawl,SS160225-02,2016/02/25,Aipysurus,foliosquama,Shark Bay,,,-25.605733,113.220383,-25.596308,113.218117,-25.586883,113.215850,,,16.40,20,,,,,,,
trawled_seasnakes.xlsx,Trawl,SS160226-07,2016/02/26,Aipysurus,foliosquama,Shark Bay,,,-25.583750,113.227300,-25.574417,113.226467,-25.565083,113.225633,,,16.60,20,,,,,,,
trawled_seasnakes.xlsx,Trawl,SS160427-04,2016/04/27,Aipysurus,foliosquama,Shark Bay,,,-25.231700,113.446217,-25.240350,113.444925,-25.249000,113.443633,,,15.70,20,,,,,,,
trawled_seasnakes.xlsx,Trawl,SS160428-01,2016/04/28,Aipysurus,foliosquama,Shark Bay,,,-25.275967,113.381783,-25.284983,113.384367,-25.294000,113.386950,,,15.60,20,,,,,,,
trawled_seasnakes.xlsx,Trawl,SS160430-06,2016/04/30,Aipysurus,foliosquama,Shark Bay,,,-25.049167,113.283850,-25.057425,113.284425,-25.065683,113.285000,,,16.00,20,,,,,,,
trawled_seasnakes.xlsx,Trawl,SS160430-07,2016/04/30,Aipysurus,foliosquama,Shark Bay,,,-25.049167,113.283850,-25.057425,113.284425,-25.065683,113.285000,,,16.00,20,,,,,,,
trawled_seasnakes.xlsx,Trawl,SS160430-08,2016/04/30,Aipysurus,foliosquama,Shark Bay,,,-24.880900,113.268517,-24.872033,113.268142,-24.863167,113.267767,,,18.60,20,,,,,,,
trawled_seasnakes.xlsx,Trawl,SS160501-03,2016/05/01,Aipysurus,foliosquama,Shark Bay,,,-24.810750,113.237517,-24.801150,113.238592,-24.791550,113.239667,,,20.30,20,,,,,,,
trawled_seasnakes.xlsx,Trawl,SS160505-03,2016/05/05,Aipysurus,foliosquama,Shark Bay,,,-25.573333,113.203150,-25.564583,113.203258,-25.555833,113.203367,,,16.80,20,,,,,,,
trawled_seasnakes.xlsx,Trawl,SS160505-04,2016/05/05,Aipysurus,foliosquama,Shark Bay,,,-25.573333,113.203150,-25.564583,113.203258,-25.555833,113.203367,,,16.80,20,,,,,,,
trawled_seasnakes.xlsx,Trawl,SS160505-05,2016/05/05,Aipysurus,foliosquama,Shark Bay,,,-25.573333,113.203150,-25.564583,113.203258,-25.555833,113.203367,,,16.80,20,,,,,,,
trawled_seasnakes.xlsx,Trawl,SS160630-02,2016/06/30,Aipysurus,foliosquama,Shark Bay,,,-25.098933,113.284767,-25.107308,113.285225,-25.115683,113.285683,,,16.70,20,,,,,,,
trawled_seasnakes.xlsx,Trawl,SS160826-03,2016/08/26,Aipysurus,foliosquama,Shark Bay,,,-25.638017,113.160467,-25.654892,113.169150,-25.671767,113.177833,,,19.30,30,,,,,,,
trawled_seasnakes.xlsx,Trawl,SS160826-06,2016/08/26,Aipysurus,foliosquama,Shark Bay,,,-25.638017,113.160467,-25.654892,113.169150,-25.671767,113.177833,,,19.30,30,,,,,,,
trawled_seasnakes.xlsx,Trawl,SS161118-01,2016/11/18,Aipysurus,foliosquama,Shark Bay,,,-24.936600,113.298283,-24.929433,113.295083,-24.922267,113.291883,,,20.80,20,,,,,,,
trawled_seasnakes.xlsx,Trawl,SS161119-02,2016/11/19,Aipysurus,foliosquama,Shark Bay,,,-24.974083,113.193983,-24.965333,113.195650,-24.956583,113.197317,,,14.90,20,,,,,,,
trawled_seasnakes.xlsx,Trawl,SS161122-01,2016/11/22,Aipysurus,foliosquama,Shark Bay,,,-25.345950,113.612450,-25.336942,113.611967,-25.327933,113.611483,,,12.80,20,,,,,,,
trawled_seasnakes.xlsx,Trawl,SS161126-01,2016/11/26,Aipysurus,foliosquama,Shark Bay,,,-25.426483,113.373333,-25.435242,113.375817,-25.444000,113.378300,,,15.30,20,,,,,,,
trawled_seasnakes.xlsx,Trawl,SS161128-01,2016/11/28,Aipysurus,foliosquama,Shark Bay,,,-25.605017,113.210617,-25.596233,113.212717,-25.587450,113.214817,,,15.90,20,,,,,,,
trawled_seasnakes.xlsx,Trawl,SS170221-01,2017/02/21,Aipysurus,foliosquama,Shark Bay,,,-25.521900,113.628100,-25.512817,113.630650,-25.503733,113.633200,,,12.30,20,,,,,,,
trawled_seasnakes.xlsx,Trawl,SS170223-02,2017/02/23,Aipysurus,foliosquama,Shark Bay,,,-25.260750,113.453600,-25.251592,113.454558,-25.242433,113.455517,,,15.20,20,,,,,,,
trawled_seasnakes.xlsx,Trawl,SS170223-03,2017/02/23,Aipysurus,foliosquama,Shark Bay,,,-25.295950,113.427967,-25.304825,113.427642,-25.313700,113.427317,,,15.80,20,,,,,,,
trawled_seasnakes.xlsx,Trawl,SS170224-01,2017/02/24,Aipysurus,foliosquama,Shark Bay,,,-25.673033,113.213033,-25.664300,113.210233,-25.655567,113.207433,,,17.30,20,,,,,,,
trawled_seasnakes.xlsx,Trawl,SS170224-02,2017/02/24,Aipysurus,foliosquama,Shark Bay,,,-25.607167,113.207267,-25.599008,113.209525,-25.590850,113.211783,,,15.90,20,,,,,,,
trawled_seasnakes.xlsx,Trawl,SS170320-01,2017/03/20,Aipysurus,foliosquama,Shark Bay,,,-25.104800,113.417633,-25.116475,113.422967,-25.128150,113.428300,,,19.00,30,,,,,,,
trawled_seasnakes.xlsx,Trawl,SS170321-01,2017/03/21,Aipysurus,foliosquama,Shark Bay,,,-25.132233,113.460033,-25.115533,113.454458,-25.098833,113.448883,,,17.10,38,,,,,,,
trawled_seasnakes.xlsx,Trawl,SS170519-01,2017/05/19,Aipysurus,foliosquama,Shark Bay,,,-25.348283,113.559167,-25.332325,113.550300,-25.316367,113.541433,,,14.30,30,,,,,,,
trawled_seasnakes.xlsx,Trawl,SS170519-02,2017/05/19,Aipysurus,foliosquama,Shark Bay,,,-25.297367,113.656583,-25.283225,113.650350,-25.269083,113.644117,,,11.20,30,,,,,,,
trawled_seasnakes.xlsx,Trawl,SS170519-03,2017/05/19,Aipysurus,foliosquama,Shark Bay,,,-25.254000,113.630317,-25.238308,113.622083,-25.222617,113.613850,,,11.90,30,,,,,,,
trawled_seasnakes.xlsx,Trawl,SS170519-04,2017/05/19,Aipysurus,foliosquama,Shark Bay,,,-25.254000,113.630317,-25.238308,113.622083,-25.222617,113.613850,,,11.90,30,,,,,,,
trawled_seasnakes.xlsx,Trawl,SS170519-05,2017/05/19,Aipysurus,foliosquama,Shark Bay,,,-25.138967,113.474550,-25.123350,113.464700,-25.107733,113.454850,,,17.60,30,,,,,,,
trawled_seasnakes.xlsx,Trawl,SS171014-02,2017/10/14,Aipysurus,foliosquama,Pilbara,,,,,-19.709453,117.830555,,,,,60.00,,,,,,,,"W56, RV Investigator"
trawled_seasnakes.xlsx,Trawl,SS171018-01,2017/10/18,Aipysurus,foliosquama,Pilbara,,,,,-20.157877,117.923990,,,,,33.00,,,,,,,,"W10, RV Investigator"
trawled_seasnakes.xlsx,Trawl,SS171018-05,2017/10/18,Aipysurus,foliosquama,Pilbara,,,,,-20.047491,117.444394,,,,,49.50,,,,,,,,"W22, RV Investigator"
trawled_seasnakes.xlsx,Trawl,SS171107-01,2017/11/07,Aipysurus,foliosquama,Shark Bay,,,-24.940667,113.296633,-24.931983,113.298708,-24.923300,113.300783,,,22.80,20,,,,,,,
trawled_seasnakes.xlsx,Trawl,SS171108-02,2017/11/08,Aipysurus,foliosquama,Shark Bay,,,-24.914100,113.202733,-24.922475,113.198533,-24.930850,113.194333,,,19.50,20,,,,,,,
trawled_seasnakes.xlsx,Trawl,SS171108-04,2017/11/08,Aipysurus,foliosquama,Shark Bay,,,-25.058700,113.338083,-25.066558,113.343258,-25.074417,113.348433,,,24.40,20,,,,,,,
trawled_seasnakes.xlsx,Trawl,SS171108-05,2017/11/08,Aipysurus,foliosquama,Shark Bay,,,-25.058700,113.338083,-25.066558,113.343258,-25.074417,113.348433,,,24.40,20,,,,,,,
trawled_seasnakes.xlsx,Trawl,SS171110-02,2017/11/10,Aipysurus,foliosquama,Shark Bay,,,-25.245167,113.608500,-25.236508,113.610525,-25.227850,113.612550,,,14.70,20,,,,,,,
trawled_seasnakes.xlsx,Trawl,SS171115-01,2017/11/15,Aipysurus,foliosquama,Shark Bay,,,-25.380483,113.420583,-25.389608,113.416433,-25.398733,113.412283,,,16.50,20,,,,,,,
trawled_seasnakes.xlsx,Trawl,SS171116-03,2017/11/16,Aipysurus,foliosquama,Shark Bay,,,-25.210433,113.441800,-25.201983,113.440342,-25.193533,113.438883,,,18.20,20,,,,,,,
trawled_seasnakes.xlsx,Trawl,SS171116-04,2017/11/16,Aipysurus,foliosquama,Shark Bay,,,-25.149250,113.391033,-25.157700,113.393667,-25.166150,113.396300,,,21.00,20,,,,,,,
trawled_seasnakes.xlsx,Trawl,SS180310-02,2018/03/10,Aipysurus,foliosquama,Shark Bay,,,-25.108967,113.429517,-25.117933,113.427858,-25.126900,113.426200,,,18.00,20,,,,,,,
trawled_seasnakes.xlsx,Trawl,SS180311-01,2018/03/11,Aipysurus,foliosquama,Shark Bay,,,-25.198567,113.574233,-25.189258,113.574442,-25.179950,113.574650,,,15.00,20,,,,,,,
trawled_seasnakes.xlsx,Trawl,SS180311-02,2018/03/11,Aipysurus,foliosquama,Shark Bay,,,-25.158350,113.581067,-25.164550,113.588017,-25.170750,113.594967,,,13.20,20,,,,,,,
trawled_seasnakes.xlsx,Trawl,SS180311-03,2018/03/11,Aipysurus,foliosquama,Shark Bay,,,-25.279700,113.655200,-25.289417,113.655500,-25.299133,113.655800,,,11.50,20,,,,,,,
trawled_seasnakes.xlsx,Trawl,SS180313-02,2018/03/13,Aipysurus,foliosquama,Shark Bay,,,-25.680250,113.645800,-25.672117,113.641458,-25.663983,113.637117,,,11.50,20,,,,,,,
trawled_seasnakes.xlsx,Trawl,SS180314-01,2018/03/14,Aipysurus,foliosquama,Shark Bay,,,-25.232033,113.448150,-25.240775,113.450117,-25.249517,113.452083,,,16.00,20,,,,,,,
trawled_seasnakes.xlsx,Trawl,SS180315-01,2018/03/15,Aipysurus,foliosquama,Shark Bay,,,-25.679367,113.257117,-25.669975,113.257175,-25.660583,113.257233,,,15.60,20,,,,,,,
trawled_seasnakes.xlsx,Trawl,SS180315-03,2018/03/15,Aipysurus,foliosquama,Shark Bay,,,-25.676033,113.237383,-25.684892,113.238783,-25.693750,113.240183,,,16.10,20,,,,,,,
trawled_seasnakes.xlsx,Trawl,SS180315-04,2018/03/15,Aipysurus,foliosquama,Shark Bay,,,-25.676033,113.237383,-25.684892,113.238783,-25.693750,113.240183,,,16.10,20,,,,,,,
trawled_seasnakes.xlsx,Trawl,SS180316-03,2018/03/16,Aipysurus,foliosquama,Shark Bay,,,-25.610450,113.211117,-25.601400,113.211125,-25.592350,113.211133,,,16.80,20,,,,,,,
trawled_seasnakes.xlsx,Trawl,SS180318-02,2018/03/18,Aipysurus,foliosquama,Shark Bay,,,-24.882667,113.269100,-24.873925,113.272900,-24.865183,113.276700,,,20.30,20,,,,,,,
trawled_seasnakes.xlsx,Trawl,SS180507-02,2018/05/07,Aipysurus,foliosquama,Shark Bay,,,-25.148550,113.436467,-25.164567,113.436867,-25.180583,113.437267,,,17.00,30,,,,,,,
trawled_seasnakes.xlsx,Trawl,SS180507-03,2018/05/07,Aipysurus,foliosquama,Shark Bay,,,-25.202433,113.452300,-25.217342,113.452600,-25.232250,113.452900,,,16.00,30,,,,,,,
trawled_seasnakes.xlsx,Trawl,SS180610-01,2018/06/10,Aipysurus,foliosquama,Shark Bay,,,-25.704617,113.244117,-25.695350,113.241550,-25.686083,113.238983,,,16.40,20,,,,,,,
trawled_seasnakes.xlsx,Trawl,SS180610-02,2018/06/10,Aipysurus,foliosquama,Shark Bay,,,-25.561250,113.217933,-25.570142,113.220717,-25.579033,113.223500,,,17.70,20,,,,,,,
trawled_seasnakes.xlsx,Trawl,SS180611-01,2018/06/11,Aipysurus,foliosquama,Shark Bay,,,-24.982917,113.287167,-24.973975,113.284567,-24.965033,113.281967,,,19.10,20,,,,,,,
trawled_seasnakes.xlsx,Trawl,SS181104-01,2018/11/04,Aipysurus,foliosquama,Shark Bay,,,-25.259000,113.654700,-25.249950,113.651233,-25.240900,113.647767,,,13.20,20,,,,,,,
trawled_seasnakes.xlsx,Trawl,SS181110-04,2018/11/10,Aipysurus,foliosquama,Shark Bay,,,-24.938917,113.300650,-24.928992,113.298992,-24.919067,113.297333,,,22.10,20,,,,,,,
trawled_seasnakes.xlsx,Trawl,SS190225-02,2019/02/25,Aipysurus,foliosquama,Shark Bay,,,-25.007967,113.382750,-25.016500,113.385683,-25.025033,113.388617,,,20.10,20,,,,,,,
trawled_seasnakes.xlsx,Trawl,SS190226-01,2019/02/26,Aipysurus,foliosquama,Shark Bay,,,-25.256850,113.653900,-25.248017,113.649725,-25.239183,113.645550,,,11.20,20,,,,,,,
trawled_seasnakes.xlsx,Trawl,SS190226-02,2019/02/26,Aipysurus,foliosquama,Shark Bay,,,-25.175583,113.581383,-25.183542,113.579558,-25.191500,113.577733,,,12.40,20,,,,,,,
trawled_seasnakes.xlsx,Trawl,SS190228-02,2019/02/28,Aipysurus,foliosquama,Shark Bay,,,-25.230633,113.454500,-25.240350,113.453700,-25.250067,113.452900,,,15.40,20,,,,,,,
trawled_seasnakes.xlsx,Trawl,SS190302-01,2019/03/02,Aipysurus,foliosquama,Shark Bay,,,-24.930367,113.260367,-24.920592,113.259642,-24.910817,113.258917,,,18.40,20,,,,,,,
trawled_seasnakes.xlsx,Trawl,SS190304-01,2019/03/04,Aipysurus,foliosquama,Shark Bay,,,-25.633150,113.245733,-25.642550,113.243458,-25.651950,113.241183,,,16.10,20,,,,,,,
trawled_seasnakes.xlsx,Trawl,SS190329-01,2019/03/29,Aipysurus,foliosquama,Shark Bay,,,-25.254133,113.541117,-25.267983,113.539692,-25.281833,113.538267,,,14.40,20,,,,,,,
trawled_seasnakes.xlsx,Trawl,SS190428-01,2019/04/28,Aipysurus,foliosquama,Shark Bay,,,-25.234867,113.443450,-25.221083,113.439967,-25.207300,113.436483,,,15.80,30,,,,,,,
trawled_seasnakes.xlsx,Trawl,SS190626-01,2019/06/26,Aipysurus,foliosquama,Shark Bay,,,-25.194683,113.620367,-25.201175,113.627183,-25.207667,113.634000,,,12.00,20,,,,,,,
trawled_seasnakes.xlsx,Trawl,SS190629-01,2019/06/29,Aipysurus,foliosquama,Shark Bay,,,-25.534467,113.035317,-25.544175,113.039008,-25.553883,113.042700,,,14.60,20,,,,,,,
trawled_seasnakes.xlsx,Trawl,SS190629-05,2019/06/29,Aipysurus,foliosquama,Shark Bay,,,-25.403017,113.386550,-25.393975,113.384075,-25.384933,113.381600,,,15.40,20,,,,,,,
trawled_seasnakes.xlsx,Trawl,SS190629-06,2019/06/29,Aipysurus,foliosquama,Shark Bay,,,-25.403017,113.386550,-25.393975,113.384075,-25.384933,113.381600,,,15.40,20,,,,,,,
trawled_seasnakes.xlsx,Trawl,SS190630-03,2019/06/30,Aipysurus,foliosquama,Shark Bay,,,-25.068367,113.287367,-25.059292,113.284900,-25.050217,113.282433,,,,20,,,,,,,
trawled_seasnakes.xlsx,Trawl,SS191024-01,2019/10/24,Aipysurus,foliosquama,Exmouth Gulf,,,-21.844550,114.327850,-21.861658,114.308700,-21.878767,114.289550,,,19.50,60,,,,,,,
trawled_seasnakes.xlsx,Trawl,SS191114-01,2019/11/14,Aipysurus,foliosquama,Shark Bay,,,-25.922333,113.226700,-25.913200,113.225217,-25.904067,113.223733,,,10.60,20,,,,,,,
trawled_seasnakes.xlsx,Trawl,SS191116-01,2019/11/16,Aipysurus,foliosquama,Shark Bay,,,-25.649900,113.186267,-25.659867,113.187267,-25.669833,113.188267,,,18.90,20,,,,,,,
trawled_seasnakes.xlsx,Trawl,SS191116-03,2019/11/16,Aipysurus,foliosquama,Shark Bay,,,-25.640183,113.211300,-25.630975,113.211333,-25.621767,113.211367,,,15.90,20,,,,,,,
trawled_seasnakes.xlsx,Trawl,SS191116-05,2019/11/16,Aipysurus,foliosquama,Shark Bay,,,-25.640467,113.237783,-25.649350,113.238292,-25.658233,113.238800,,,16.10,20,,,,,,,
trawled_seasnakes.xlsx,Trawl,SS191117-01,2019/11/17,Aipysurus,foliosquama,Shark Bay,,,-25.450350,113.409983,-25.441933,113.414608,-25.433517,113.419233,,,12.30,20,,,,,,,
trawled_seasnakes.xlsx,Trawl,SS191117-03,2019/11/17,Aipysurus,foliosquama,Shark Bay,,,-25.405667,113.381417,-25.395642,113.383250,-25.385617,113.385083,,,15.40,20,,,,,,,
trawled_seasnakes.xlsx,Trawl,SS191117-04,2019/11/17,Aipysurus,foliosquama,Shark Bay,,,-25.405667,113.381417,-25.395642,113.383250,-25.385617,113.385083,,,15.40,20,,,,,,,
trawled_seasnakes.xlsx,Trawl,SS191118-01,2019/11/18,Aipysurus,foliosquama,Shark Bay,,,-25.354533,113.382183,-25.345150,113.383083,-25.335767,113.383983,,,15.00,20,,,,,,,
trawled_seasnakes.xlsx,Trawl,SS191118-02,2019/11/18,Aipysurus,foliosquama,Shark Bay,,,-25.354533,113.382183,-25.345150,113.383083,-25.335767,113.383983,,,15.00,20,,,,,,,
trawled_seasnakes.xlsx,Trawl,SS191119-03,2019/11/19,Aipysurus,foliosquama,Shark Bay,,,-25.342267,113.649350,-25.333050,113.650825,-25.323833,113.652300,,,12.90,20,,,,,,,
trawled_seasnakes.xlsx,Trawl,SS191121-01,2019/11/21,Aipysurus,foliosquama,Shark Bay,,,-25.204350,113.412433,-25.195100,113.414317,-25.185850,113.416200,,,18.80,20,,,,,,,
trawled_seasnakes.xlsx,Trawl,SS191123-01,2019/11/23,Aipysurus,foliosquama,Shark Bay,,,-25.070650,113.285483,-25.062183,113.283992,-25.053717,113.282500,,,18.20,20,,,,,,,
trawled_seasnakes.xlsx,Trawl,SS191123-02,2019/11/23,Aipysurus,foliosquama,Shark Bay,,,-25.079133,113.344667,-25.069758,113.346983,-25.060383,113.349300,,,21.50,20,,,,,,,
trawled_seasnakes.xlsx,Trawl,SS191123-04,2019/11/23,Aipysurus,foliosquama,Shark Bay,,,-25.001350,113.226883,-24.993650,113.221042,-24.985950,113.215200,,,15.40,20,,,,,,,
trawled_seasnakes.xlsx,Trawl,SS191124-02,2019/11/24,Aipysurus,foliosquama,Shark Bay,,,-24.884600,113.272100,-24.875350,113.272167,-24.866100,113.272233,,,19.50,20,,,,,,,
trawled_seasnakes.xlsx,Trawl,SS200220-04,2020/02/20,Aipysurus,foliosquama,Shark Bay,,,-25.378567,113.450533,-25.387233,113.444575,-25.395900,113.438617,,,13.40,20,,,,,,,
trawled_seasnakes.xlsx,Trawl,SS200220-05,2020/02/20,Aipysurus,foliosquama,Shark Bay,,,-25.357050,113.407783,-25.347767,113.410933,-25.338483,113.414083,,,16.00,20,,,,,,,
trawled_seasnakes.xlsx,Trawl,SS200221-01,2020/02/21,Aipysurus,foliosquama,Shark Bay,,,-25.657517,113.267283,-25.666425,113.261658,-25.675333,113.256033,,,14.10,21,,,,,,,
trawled_seasnakes.xlsx,Trawl,SS200223-05,2020/02/23,Aipysurus,foliosquama,Shark Bay,,,-25.305633,113.450950,-25.296492,113.446842,-25.287350,113.442733,,,15.10,20,,,,,,,
trawled_seasnakes.xlsx,Trawl,SS200223-06,2020/02/23,Aipysurus,foliosquama,Shark Bay,,,-25.283517,113.426383,-25.293675,113.424950,-25.303833,113.423517,,,16.60,20,,,,,,,
trawled_seasnakes.xlsx,Trawl,SS200223-07,2020/02/23,Aipysurus,foliosquama,Shark Bay,,,-25.298033,113.378333,-25.288133,113.383600,-25.278233,113.388867,,,16.20,20,,,,,,,
trawled_seasnakes.xlsx,Trawl,SS200225-01,2020/02/25,Aipysurus,foliosquama,Shark Bay,,,-24.886767,113.261783,-24.896250,113.259325,-24.905733,113.256867,,,20.00,20,,,,,,,
trawled_seasnakes.xlsx,Trawl,SS200316-01,2020/03/16,Aipysurus,foliosquama,Shark Bay,,,-25.255683,113.626117,-25.243267,113.616825,-25.230850,113.607533,,,12.70,30,,,,,,,
trawled_seasnakes.xlsx,Trawl,SS200611-01,2020/06/11,Aipysurus,foliosquama,Shark Bay,,,-25.218133,113.609967,-25.233483,113.610708,-25.248833,113.611450,,,12.90,30,,,,,,,
trawled_seasnakes.xlsx,Trawl,SS200612-02,2020/08/12,Aipysurus,foliosquama,Shark Bay,,,-25.637933,113.206333,-25.653833,113.207100,-25.669733,113.207867,,,16.50,30,,,,,,,
trawled_seasnakes.xlsx,Trawl,SS201112-05,2020/11/12,Aipysurus,foliosquama,Shark Bay,,,-25.181833,113.553267,-25.172925,113.549517,-25.164017,113.545767,,,15.30,20,,,,,,,
trawled_seasnakes.xlsx,Trawl,SS201114-01,2020/11/14,Aipysurus,foliosquama,Shark Bay,,,-25.216583,113.382267,-25.207292,113.384583,-25.198000,113.386900,,,17.60,20,,,,,,,
trawled_seasnakes.xlsx,Trawl,SS201115-04,2020/11/15,Aipysurus,foliosquama,Shark Bay,,,-24.983967,113.278283,-24.974725,113.280050,-24.965483,113.281817,,,18.30,20,,,,,,,
trawled_seasnakes.xlsx,Trawl,SS201115-05,2020/11/15,Aipysurus,foliosquama,Shark Bay,,,-24.802567,113.308750,-24.792767,113.308600,-24.782967,113.308450,,,28.00,20,,,,,,,
trawled_seasnakes.xlsx,Trawl,SS201116-01,2020/11/16,Aipysurus,foliosquama,Shark Bay,,,-24.971683,113.193533,-24.962675,113.195133,-24.953667,113.196733,,,16.20,20,,,,,,,
trawled_seasnakes.xlsx,Trawl,SS201118-02,2020/11/18,Aipysurus,foliosquama,Shark Bay,,,-25.662783,113.239333,-25.653208,113.239008,-25.643633,113.238683,,,17.10,20,,,,,,,
trawled_seasnakes.xlsx,Trawl,SS201119-02,2020/11/19,Aipysurus,foliosquama,Shark Bay,,,-25.585000,113.224250,-25.575708,113.222625,-25.566417,113.221000,,,16.00,20,,,,,,,
trawled_seasnakes.xlsx,Trawl,SS210212-03,2021/02/12,Aipysurus,foliosquama,Shark Bay,,,-25.301667,113.663650,-25.292658,113.659950,-25.283650,113.656250,,,12.00,20,,,,,,,
trawled_seasnakes.xlsx,Trawl,SS210212-04,2021/02/12,Aipysurus,foliosquama,Shark Bay,,,-25.396667,113.582433,-25.386300,113.580833,-25.375933,113.579233,,,14.40,20,,,,,,,
trawled_seasnakes.xlsx,Trawl,SS210213-01,2021/02/13,Aipysurus,foliosquama,Shark Bay,,,-25.179317,113.441000,-25.171325,113.435633,-25.163333,113.430267,,,16.90,20,,,,,,,
trawled_seasnakes.xlsx,Trawl,SS210213-02,2021/02/13,Aipysurus,foliosquama,Shark Bay,,,-25.179317,113.441000,-25.171325,113.435633,-25.163333,113.430267,,,16.90,20,,,,,,,
trawled_seasnakes.xlsx,Trawl,SS210213-04,2021/02/13,Aipysurus,foliosquama,Shark Bay,,,-25.257400,113.654550,-25.248775,113.650983,-25.240150,113.647417,,,11.40,20,,,,,,,
trawled_seasnakes.xlsx,Trawl,SS210213-05,2021/02/13,Aipysurus,foliosquama,Shark Bay,,,-25.257400,113.654550,-25.248775,113.650983,-25.240150,113.647417,,,11.40,20,,,,,,,
trawled_seasnakes.xlsx,Trawl,SS210213-06,2021/02/13,Aipysurus,foliosquama,Shark Bay,,,-25.218800,113.637933,-25.211892,113.631217,-25.204983,113.624500,,,12.30,20,,,,,,,
trawled_seasnakes.xlsx,Trawl,SS210214-02,2021/02/14,Aipysurus,foliosquama,Shark Bay,,,-24.781617,113.243050,-24.791083,113.243317,-24.800550,113.243583,,,24.70,20,,,,,,,
trawled_seasnakes.xlsx,Trawl,SS210215-01,2021/02/15,Aipysurus,foliosquama,Shark Bay,,,-25.100583,113.287833,-25.109575,113.287742,-25.118567,113.287650,,,17.70,20,,,,,,,
trawled_seasnakes.xlsx,Trawl,SS210216-02,2021/02/16,Aipysurus,foliosquama,Shark Bay,,,-25.260000,113.421733,-25.250117,113.422250,-25.240233,113.422767,,,16.70,20,,,,,,,
trawled_seasnakes.xlsx,Trawl,SS210218-02,2021/02/18,Aipysurus,foliosquama,Shark Bay,,,-25.660800,113.237800,-25.651608,113.238267,-25.642417,113.238733,,,16.40,20,,,,,,,
trawled_seasnakes.xlsx,Trawl,SS210218-04,2021/02/18,Aipysurus,foliosquama,Shark Bay,,,-25.691867,113.235800,-25.683058,113.234650,-25.674250,113.233500,,,16.70,20,,,,,,,
trawled_seasnakes.xlsx,Trawl,SS210219-02,2021/02/19,Aipysurus,foliosquama,Shark Bay,,,-25.597667,113.107583,-25.589325,113.102475,-25.580983,113.097367,,,18.50,20,,,,,,,
trawled_seasnakes.xlsx,Trawl,SS210219-05,2021/02/19,Aipysurus,foliosquama,Shark Bay,,,-25.578200,113.063683,-25.584808,113.070108,-25.591417,113.076533,,,14.00,20,,,,,,,
trawled_seasnakes.xlsx,Trawl,SS210219-06,2021/02/19,Aipysurus,foliosquama,Shark Bay,,,-25.572783,113.201867,-25.562958,113.201117,-25.553133,113.200367,,,18.00,20,,,,,,,
trawled_seasnakes.xlsx,Trawl,SS210219-07,2021/02/19,Aipysurus,foliosquama,Shark Bay,,,-25.572783,113.201867,-25.562958,113.201117,-25.553133,113.200367,,,18.00,20,,,,,,,
trawled_seasnakes.xlsx,Trawl,SS200421-2,2021/04/21,Aipysurus,foliosquama,Exmouth Gulf,,,-22.166383,114.241950,-22.166183,114.209817,-22.165983,114.177683,,,12.50,91,,,,,,,
trawled_seasnakes.xlsx,Trawl,SS210421,2021/04/21,Aipysurus,foliosquama,Exmouth Gulf,,,-22.166383,114.241950,-22.166183,114.209817,-22.165983,114.177683,,,12.50,91,,,,,,,
trawled_seasnakes.xlsx,Trawl,SS210801-6,2021/08/01,Aipysurus,foliosquama,Shark Bay,,,-25.725850,113.243483,-25.741183,113.243792,-25.756517,113.244100,,,13.60,30,,,,,,,
trawled_seasnakes.xlsx,Trawl,SS0210802,2021/08/02,Aipysurus,foliosquama,Shark Bay,,,-25.558633,113.057850,-25.571633,113.069817,-25.584633,113.081783,,,13.60,30,,,,,,,
trawled_seasnakes.xlsx,Trawl,SS210602-3,2021/06/02,aipysurus,foliosquama,Shark Bay,,,-25.192767,113.616133,-25.200242,113.623733,-25.207717,113.631333,,,11.90,20,,,,,,,
trawled_seasnakes.xlsx,Trawl,SS210605-1,2021/06/05,Aipysurus,foliosquama,Shark Bay,,,-24.893050,113.288583,-24.883575,113.286700,-24.874100,113.284817,,,19.90,20,,,,,,,
trawled_seasnakes.xlsx,Trawl,SS210605-3,2021/06/05,Aipysurus,foliosquama,Shark Bay,,,-24.983683,113.290200,-24.973683,113.288633,-24.963683,113.287067,,,19.60,20,,,,,,,
trawled_seasnakes.xlsx,Trawl,SS210605-5,2021/06/05,Aipysurus,foliosquama,Shark Bay,,,-25.073267,113.285433,-25.062817,113.284108,-25.052367,113.282783,,,17.60,20,,,,,,,
trawled_seasnakes.xlsx,Trawl,SS210606-2,2021/06/06,Aipysurus,foliosquama,Shark Bay,,,-25.554333,113.202583,-25.563942,113.202342,-25.573550,113.202100,,,18.00,20,,,,,,,
trawled_seasnakes.xlsx,Trawl,SS211102-1,2021/11/02,Aipysurus,foliosquama,Shark Bay,,,-25.443167,113.375233,-25.433958,113.378233,-25.424750,113.381233,,,14.60,20,,,,,,,
trawled_seasnakes.xlsx,Trawl,SS211102-2,2021/11/02,Aipysurus,foliosquama,Shark Bay,,,-25.353733,113.442317,-25.343950,113.442233,-25.334167,113.442150,,,14.30,20,,,,,,,
ATM_DPIRDFisheriesSurvey,Trawl,KLS1696,2024/06/03,Aipysurus,foliosquama,Shark Bay,,,-25.256033,113.411150,-25.247050,113.410042,-25.238067,113.408933,-25.322417,113.401150,,20,F,1045.0,100.0,12.0,989002028399618,,
ATM_DPIRDFisheriesSurvey,Trawl,KLS1700,2024/06/05,Aipysurus,foliosquama,Shark Bay,,,-25.632800,113.164017,-25.623425,113.163109,-25.614050,113.162200,-25.646217,113.138850,,20,M,590.0,74.5,9.0,989002028399677,,
ATM_DPIRDFisheriesSurvey,Trawl,KLS1701,2024/06/05,Aipysurus,foliosquama,Shark Bay,,,-25.632800,113.164017,-25.623425,113.163109,-25.614050,113.162200,,,,20,F,510.0,85.0,14.0,,,specimen kept
ATM_DPIRDFisheriesSurvey,Trawl,KLS1702,2024/06/05,Aipysurus,foliosquama,Shark Bay,,,-25.607917,113.212250,-25.598559,113.212617,-25.589200,113.212983,-25.583950,113.223033,,20,F,640.0,83.5,9.0,989002028399697,,
ATM_DPIRDFisheriesSurvey,Trawl,KLS1707,2024/06/06,Aipysurus,foliosquama,Shark Bay,,,-25.029717,113.336333,-25.020975,113.336883,-25.012233,113.337433,-24.985317,113.288100,,20,F,850.0,93.5,11.0,989002028399674,,
ATM_DPIRDFisheriesSurvey,Trawl,KLS1708,2024/06/07,Aipysurus,foliosquama,Shark Bay,,,-24.916983,113.271400,-24.926183,113.271184,-24.935383,113.270967,-24.964983,113.222533,,20,M,485.0,71.0,8.0,989002028399633,,
ATM_DPIRDFisheriesSurvey,Trawl,KLS1710,2024/06/07,Aipysurus,foliosquama,Shark Bay,,,-24.971000,113.192750,-24.961792,113.194550,-24.952583,113.196350,-24.908250,113.222133,,20,F,820.0,98.0,11.2,989002028399658,,
ATM_DPIRDFisheriesSurvey,Trawl,KLS1723,2024/09/25,Aipysurus,apraefrontalis,Exmouth Gulf,,,-22.065367,114.320033,-22.004825,114.357258,-21.944283,114.394483,,,12.85,150,F,318.0,,,989002028399616,,
ATM_DPIRDFisheriesSurvey,Trawl,KLS1815,2024/11/22,Aipysurus,foliosquama,Shark Bay,,,-25.444467,113.587767,-25.453009,113.591609,-25.461550,113.595450,,,16.20,20,?,565.0,72.0,7.0,989002028400654,,shot 2
ATM_DPIRDFisheriesSurvey,Trawl,KLS1823,2024/11/27,Aipysurus,foliosquama,Shark Bay,,,-25.705267,113.149933,-25.696484,113.151642,-25.687700,113.153350,,,21.60,20,F,1090.0,105.0,12.5,989002028400697,,shot 55
ATM_DPIRDFisheriesSurvey,Trawl,KLS1826,2024/11/29,Aipysurus,foliosquama,Shark Bay,,,-25.581383,113.222950,-25.572550,113.221284,-25.563717,113.219617,,,18.80,20,F,930.0,100.0,13.3,989002028400698,,"shot 76, DS50"
ATM_DPIRDFisheriesSurvey,Trawl,KLS1827,2024/11/29,Aipysurus,foliosquama,Shark Bay,,,-25.486567,113.408633,-25.478734,113.414142,-25.470900,113.419650,,,19.35,20,?,600.0,85.0,10.2,989002028400655,,"shot 79, WC121"
ATM_DPIRDFisheriesSurvey,Trawl,KLS1828,2024/11/29,Aipysurus,foliosquama,Shark Bay,,,-25.400000,113.410550,-25.390950,113.412367,-25.381900,113.414183,,,15.70,20,F,900.0,92.5,10.6,989002028400610,,"shot 82, WC44"
ATM_DPIRDFisheriesSurvey,Trawl,KLS1830,2024/11/30,Aipysurus,foliosquama,Shark Bay,,,-25.400933,113.438600,-25.391633,113.439475,-25.382333,113.440350,,,17.95,20,F,730.0,92.0,10.0,989002028400620,,"shot 83, WC43"
ATM_DPIRDFisheriesSurvey,Trawl,KLS1831,2024/11/30,Aipysurus,foliosquama,Shark Bay,,,-25.258250,113.449450,-25.248709,113.449675,-25.239167,113.449900,-25.261333,113.415983,19.15,20,F,795.0,102.0,12.2,989002028400703,,"shot 90, WC34, released start of shot 91"
ATM_DPIRDFisheriesSurvey,Trawl,KLS1835,2024/12/02,Aipysurus,foliosquama,Shark Bay,,,-24.940033,113.297383,-24.930208,113.297750,-24.920383,113.298117,,,24.20,20,?,775.0,87.0,10.4,989002028400625,,"shot 112, WC9"
ATM_DPIRDFisheriesSurvey,Trawl,KLS1836,2024/12/03,Aipysurus,foliosquama,Shark Bay,,,-24.935767,113.271050,-24.926409,113.270850,-24.917050,113.270650,-24.889717,113.275633,22.00,20,F,815.0,92.7,13.0,989002028400607,,"shot 113, WC10, released start of shot 114"
ATM_DPIRDFisheriesSurvey,Trawl,KLS1837,2024/12/03,Aipysurus,foliosquama,Shark Bay,-24.931383,113.249217,,,,,,,,,,20,M,,79.5,8.0,,,"caught on trawl net on the way to anchor, frozen, specimen kept"
ATM_DPIRDFisheriesSurvey,Trawl,KLS1838,2024/12/03,Aipysurus,foliosquama,Shark Bay,,,-24.972250,113.194067,-24.963250,113.195159,-24.954250,113.196250,,,19.30,20,F,790.0,93.5,10.0,989002028400665,,"shot 116, WC12"
ATM_DPIRDFisheriesSurvey,Trawl,KLS1840,2024/12/03,Aipysurus,foliosquama,Shark Bay,,,-24.807417,113.236100,-24.797667,113.235600,-24.787917,113.235100,-24.795583,113.272133,25.15,20,F,540.0,97.0,12.5,989002028400689,,"shot 121, WC1, released -24° 47.735, 113° 16.328"
ATM_DPIRDFisheriesSurvey,Trawl,KLS1841,2024/12/04,Aipysurus,foliosquama,Shark Bay,,,-24.831550,113.365000,-24.821900,113.364050,-24.812250,113.363100,-24.784850,113.353750,20.45,20,F,595.0,78.0,19.0,989002028400659,,"shot 127, KO130, released -24° 47.091, 113° 21.225"
ATM_DPIRDFisheriesSurvey,Trawl,KLS1846,2025/02/22,Aipysurus,foliosquama,Shark Bay,,,-25.183783,113.608433,-25.175067,113.600817,-25.166350,113.593200,,,12.00,20,F,150.0,90.0,10.0,989002028400649,,CP47
ATM_DPIRDFisheriesSurvey,Trawl,KLS1850,2025/02/27,Aipysurus,foliosquama,Shark Bay,,,-24.961983,113.277267,-24.971242,113.279459,-24.980500,113.281650,,,18.45,20,F,350.0,84.0,6.0,989002028400645,,WC14
ATM_DPIRDFisheriesSurvey,Trawl,KLS1852,2025/02/28,Aipysurus,foliosquama,Shark Bay,,,-25.194300,113.382050,-25.203809,113.382700,-25.213317,113.383350,,,18.00,20,F,650.0,105.0,11.0,"Tagged, not recorded",,"WC33, pregnant"
ATM_DPIRDFisheriesSurvey,Trawl,KLS1853,2025/02/28,Aipysurus,foliosquama,Shark Bay,,,-25.704783,113.182700,-25.695817,113.185917,-25.686850,113.189133,,,18.15,20,M,600.0,102.0,12.0,989002028400694,,DS66
ATM_DPIRDFisheriesSurvey,Trawl,KLS1857,2025/03/01,Aipysurus,foliosquama,Shark Bay,,,-25.641200,113.207583,-25.632109,113.207692,-25.623017,113.207800,,,16.20,20,M,500.0,107.0,13.0,989002028400608,,DS111
ATM_DPIRDFisheriesSurvey,Trawl,KLS1858,2025/03/01,Aipysurus,foliosquama,Shark Bay,,,-25.641200,113.207583,-25.632109,113.207692,-25.623017,113.207800,,,16.20,20,M,500.0,100.0,9.0,989002028400662,,DS111
ATM_DPIRDFisheriesSurvey,Trawl,KLS1859,2025/03/01,Aipysurus,foliosquama,Shark Bay,,,-25.641200,113.207583,-25.632109,113.207692,-25.623017,113.207800,,,16.20,20,M,750.0,98.0,12.0,989002028400648,,DS111
ATM_DPIRDFisheriesSurvey,Trawl,KLS1861,2025/03/02,Aipysurus,foliosquama,Shark Bay,,,-25.654000,113.238733,-25.644709,113.239833,-25.635417,113.240933,,,15.90,20,F,550.0,84.0,10.0,989002028399666,,DS60
ATM_DPIRDFisheriesSurvey,Trawl,KLS1862,2025/03/02,Aipysurus,foliosquama,Shark Bay,,,-25.586533,113.223667,-25.577017,113.223434,-25.567500,113.223200,,,16.30,20,M,250.0,93.0,12.0,989002028399629,,DS50
ATM_DPIRDFisheriesSurvey,Trawl,KLS1863,2025/03/02,Aipysurus,foliosquama,Shark Bay,,,-25.586533,113.223667,-25.577017,113.223434,-25.567500,113.223200,,,16.30,20,F,450.0,90.0,9.0,989002028399657,,DS50
ATM_DPIRDFisheriesSurvey,Trawl,KLS1864,2025/03/02,Aipysurus,foliosquama,Shark Bay,,,-25.586533,113.223667,-25.577017,113.223434,-25.567500,113.223200,,,16.30,20,M,300.0,75.0,8.0,989002028399646,,DS50
ATM_DPIRDFisheriesSurvey,Trawl,KLS1865,2025/03/02,Aipysurus,foliosquama,Shark Bay,,,-25.586533,113.223667,-25.577017,113.223434,-25.567500,113.223200,,,16.30,20,M,250.0,101.0,10.0,989002028399651,,DS50
ATM_DPIRDFisheriesSurvey,Trawl,KLS1867,2025/03/03,Aipysurus,foliosquama,Shark Bay,,,-25.355733,113.382600,-25.346392,113.382692,-25.337050,113.382783,,,15.30,20,F,600.0,82.0,9.0,989002028399635,,WC42
ATM_DPIRDFisheriesSurvey,Trawl,KLS1924,2025/04/07,Aipysurus,apraefrontalis,Exmouth Gulf,,,-22.144350,114.197900,-22.108484,114.230309,-22.072617,114.262717,,,17.05,90,,570.0,98.1,9.3,989002028400601,,"Site 18, Shot 14, processed tagged and released on deck, trawl transect depth started at 16.1 m, ended at 18.0 m, SVL + TailL measured with ImageJ"
ATM_DPIRDFisheriesSurvey,Trawl,14.11.25.foliosquama1,2025/11/14,Aipysurus,foliosquama,Shark Bay,,,-25.171400,113.445333,-25.162192,113.358508,-25.152983,113.271683,,,17.15,20,,,,,,,"not onboard, recorded by DPIRD staff, Site CP30"
ATM_DPIRDFisheriesSurvey,Trawl,17.11.25.foliosquama1,2025/11/17,Aipysurus,foliosquama,Shark Bay,,,-25.577983,113.135700,-25.585750,113.140592,-25.593517,113.145483,,,18.80,20,,,,,,,"not onboard, recorded by DPIRD staff, Site DS52"
ATM_DPIRDFisheriesSurvey,Trawl,18.11.25.foliosquama1,2025/11/18,Aipysurus,foliosquama,Shark Bay,,,-25.555517,113.202183,-25.564584,113.202317,-25.573650,113.202450,,,18.50,20,,,,,,,"not onboard, recorded by DPIRD staff, Site DS51"
ATM_DPIRDFisheriesSurvey,Trawl,18.11.25.foliosquama2,2025/11/18,Aipysurus,foliosquama,Shark Bay,,,-25.555517,113.202183,-25.564584,113.202317,-25.573650,113.202450,,,18.50,20,,,,,,,"not onboard, recorded by DPIRD staff, Site DS51"
ATM_DPIRDFisheriesSurvey,Trawl,18.11.25.foliosquama3,2025/11/18,Aipysurus,foliosquama,Shark Bay,,,-25.555517,113.202183,-25.564584,113.202317,-25.573650,113.202450,,,18.50,20,,,,,,,"not onboard, recorded by DPIRD staff, Site DS51"
ATM_DPIRDFisheriesSurvey,Trawl,18.11.25.foliosquama4,2025/11/18,Aipysurus,foliosquama,Shark Bay,,,-25.563617,113.217783,-25.572850,113.219708,-25.582083,113.221633,,,17.35,20,,,,,,,"not onboard, recorded by DPIRD staff, Site DS50"
ATM_DPIRDFisheriesSurvey,Trawl,18.11.25.folio.no.photo,2025/11/18,Aipysurus,foliosquama,Shark Bay,,,-25.589433,113.214633,-25.598850,113.211150,-25.608267,113.207667,,,17.00,20,,,,,,,"not onboard, recorded by DPIRD staff, Site DS109"
ATM_DPIRDFisheriesSurvey,Trawl,19.11.foliosquama1,2025/11/19,Aipysurus,foliosquama,Shark Bay,,,-25.356833,113.439350,-25.347542,113.439659,-25.33825,113.439967,,,14.90,20,,,,,,,"not onboard, recorded by DPIRD staff, Site WC40"
ATM_DPIRDFisheriesSurvey,Trawl,19.11.foliosquama2,2025/11/19,Aipysurus,foliosquama,Shark Bay,,,-25.336500,113.419300,-25.344917,113.415275,-25.353333,113.41125,,,16.60,21,,,,,,,"not onboard, recorded by DPIRD staff, Site WC41"
ATM_DPIRDFisheriesSurvey,Trawl,19.11.foliosquama3,2025/11/19,Aipysurus,foliosquama,Shark Bay,,,-25.297683,113.382667,-25.287858,113.383617,-25.278033,113.384567,,,16.45,20,,,,,,,"not onboard, recorded by DPIRD staff, Site WC39"
ATM_DPIRDFisheriesSurvey,Trawl,19.11.foliosquama4,2025/11/19,Aipysurus,foliosquama,Shark Bay,,,-25.283500,113.415167,-25.291475,113.419700,-25.29945,113.424233,,,16.80,19,,,,,,,"not onboard, recorded by DPIRD staff, Site WC38"
ala_records_2025-01-21,HumanObservation,Snake-20,,Aipysurus,apraefrontalis,,-12.200000,123.100000,,,,,,,,,,,,,,,,,
ala_records_2025-01-21,HumanObservation,Snake-56,,Aipysurus,apraefrontalis,,-12.200000,122.900000,,,,,,,,,,,,,,,,,
ala_records_2025-01-21,HumanObservation,Snake-29,,Aipysurus,apraefrontalis,,-12.200000,123.100000,,,,,,,,,,,,,,,,,
ala_records_2025-01-21,HumanObservation,Snake-38,,Aipysurus,apraefrontalis,,-12.200000,122.900000,,,,,,,,,,,,,,,,,
ala_records_2025-01-21,HumanObservation,Snake-47,,Aipysurus,apraefrontalis,,-12.200000,122.900000,,,,,,,,,,,,,,,,,
ala_records_2025-01-21,PreservedSpecimen,R-24900,,Aipysurus,apraefrontalis,Ashmore Reef,-12.233330,123.083330,,,,,,,,,,,,,,,,,
ala_records_2025-01-21,PreservedSpecimen,1946.1.1.94,,Aipysurus,apraefrontalis,,,,,,,,,,,,,,,,,,,,
ala_records_2025-01-21,HumanObservation,26415,,Aipysurus,apraefrontalis,,-22.000000,114.300000,,,,,,,,,,,,,,,,,
ala_records_2025-01-21,HumanObservation,22961,,Aipysurus,apraefrontalis,,-20.600000,117.200000,,,,,,,,,,,,,,,,,
ala_records_2025-01-21,HumanObservation,73667,,Aipysurus,apraefrontalis,,-19.583300,116.666700,,,,,,,,,,,,,,,,,
ala_records_2025-01-21,HumanObservation,43897,,Aipysurus,apraefrontalis,,-22.000000,114.300000,,,,,,,,,,,,,,,,,
ala_records_2025-01-21,HumanObservation,41261,,Aipysurus,apraefrontalis,,-22.000000,114.300000,,,,,,,,,,,,,,,,,
ala_records_2025-01-21,HumanObservation,47748,,Aipysurus,apraefrontalis,,-22.000000,114.300000,,,,,,,,,,,,,,,,,
ala_records_2025-01-21,HumanObservation,31443,,Aipysurus,apraefrontalis,,-22.000000,114.300000,,,,,,,,,,,,,,,,,
ala_records_2025-01-21,HumanObservation,73668,,Aipysurus,apraefrontalis,,-19.550000,116.683300,,,,,,,,,,,,,,,,,
ala_records_2025-01-21,PreservedSpecimen,R.40493,,Aipysurus,apraefrontalis,,-12.200000,123.083000,,,,,,,,,,,,,,,,,
ala_records_2025-01-21,PreservedSpecimen,R.44475,,Aipysurus,apraefrontalis,,-12.200000,123.083000,,,,,,,,,,,,,,,,,
ala_records_2025-01-21,PreservedSpecimen,R.42711,,Aipysurus,apraefrontalis,,-12.200000,123.083000,,,,,,,,,,,,,,,,,
ala_records_2025-01-21,PreservedSpecimen,R.44878,,Aipysurus,apraefrontalis,,-12.200000,123.083000,,,,,,,,,,,,,,,,,
ala_records_2025-01-21,PreservedSpecimen,R.37141,,Aipysurus,apraefrontalis,,-12.200000,123.083000,,,,,,,,,,,,,,,,,
ala_records_2025-01-21,PreservedSpecimen,R.44616,,Aipysurus,apraefrontalis,,-12.200000,123.083000,,,,,,,,,,,,,,,,,
ala_records_2025-01-21,Preserved Specimen,R37477,,Aipysurus,apraefrontalis,Timor Sea,-13.316194,130.110359,,,,,,,,,,,,,,,,,"Anson Bay to Melville Island, Timor Sea; Coordinates are approximate and correspond to Anson Bay, Northern Territory"
ala_records_2025-01-21,Preserved Specimen,R17778,,Aipysurus,apraefrontalis,,-12.000000,123.400000,,,,,,,,,,,,,,,,,
ala_records_2025-01-21,Preserved specimen,J80569,1995/08/26,Aipysurus,apraefrontalis,,-19.700000,116.700000,,,,,,,,,,,,,,,,,
ala_records_2025-01-21,MaterialSample,ABTC105723,,Aipysurus,apraefrontalis,,,,,,,,,,,,,,,,,,,,
ala_records_2025-01-21,PreservedSpecimen,R68142,2001/12/04,Aipysurus,apraefrontalis,Ashmore Reef,,,,,,,,,,,,,M,,,,,,
ala_records_2025-01-21,MaterialSample,ABTC105722,,Aipysurus,apraefrontalis,,,,,,,,,,,,,,,,,,,,
ala_records_2025-01-21,PreservedSpecimen,R179591,2017/10/30,Aipysurus,apraefrontalis,,,,,,,,,,,,,,,,,,,,
ala_records_2025-01-21,PreservedSpecimen,R22961,1964/01/01,Aipysurus,apraefrontalis,,-20.600000,117.200000,,,,,,,,,,,,,,,,,
ala_records_2025-01-21,PreservedSpecimen,R43897,1973/07/01,Aipysurus,apraefrontalis,,-22.000000,114.300000,,,,,,,,,,,,,,,,,
ala_records_2025-01-21,PreservedSpecimen,R174539,2012/01/01,Aipysurus,apraefrontalis,,,,,,,,,,,,,,,,,,,,
ala_records_2025-01-21,PreservedSpecimen,R157818,2004/07/10,Aipysurus,apraefrontalis,,-22.100000,114.100000,,,,,,,,,,,,,,,,,
ala_records_2025-01-21,PreservedSpecimen,R73668,1979/10/28,Aipysurus,apraefrontalis,,-19.500000,116.700000,,,,,,,,,,,M,,,,,,
ala_records_2025-01-21,PreservedSpecimen,R26716,1965/02/01,Aipysurus,apraefrontalis,,-18.000000,122.200000,,,,,,,,,,,,,,,,,
ala_records_2025-01-21,PreservedSpecimen,R129805,1986/09/20,Aipysurus,apraefrontalis,,-12.300000,123.000000,,,,,,,,,,,,,,,,,
ala_records_2025-01-21,PreservedSpecimen,R73667,1979/10/28,Aipysurus,apraefrontalis,,-19.600000,116.700000,,,,,,,,,,,F,,,,,,
ala_records_2025-01-21,PreservedSpecimen,R41261,1971/01/01,Aipysurus,apraefrontalis,,-22.000000,114.300000,,,,,,,,,,,,,,,,,
ala_records_2025-01-21,PreservedSpecimen,R31443,1968/01/01,Aipysurus,apraefrontalis,,-22.000000,114.300000,,,,,,,,,,,,,,,,,
ala_records_2025-01-21,PreservedSpecimen,R47748,1974/11/01,Aipysurus,apraefrontalis,,-22.000000,114.300000,,,,,,,,,,,,,,,,,
ala_records_2025-01-21,PreservedSpecimen,R129803,1986/09/18,Aipysurus,apraefrontalis,,-12.300000,123.000000,,,,,,,,,,,,,,,,,
ala_records_2025-01-21,PreservedSpecimen,R154750,2004/03/12,Aipysurus,apraefrontalis,,-22.000000,114.300000,,,,,,,,,,,F,,,,,,
ala_records_2025-01-21,PreservedSpecimen,R26415,1965/06/10,Aipysurus,apraefrontalis,,-22.000000,114.300000,,,,,,,,,,,,,,,,,
ala_records_2025-01-21,HumanObservation,MPA-Seasnakes-10309,1979/10/28,Aipysurus,apraefrontalis,,-19.583300,116.666700,,,,,,,,,,,F,,,,,,
ala_records_2025-01-21,HumanObservation,MPA-Seasnakes-10308,2004/03/12,Aipysurus,apraefrontalis,,-22.000000,114.300000,,,,,,,,,,,F,,,,,,
ala_records_2025-01-21,HumanObservation,MPA-Seasnakes-1510,1973/01/01,Aipysurus,apraefrontalis,,-12.200000,123.083330,,,,,,,,,,,,,,,,,
ala_records_2025-01-21,HumanObservation,MPA-Seasnakes-10305,1974/11/01,Aipysurus,apraefrontalis,,-22.000000,114.300000,,,,,,,,,,,,,,,,,
ala_records_2025-01-21,HumanObservation,MPA-Seasnakes-10304,1973/07/01,Aipysurus,apraefrontalis,,-22.000000,114.300000,,,,,,,,,,,,,,,,,
ala_records_2025-01-21,HumanObservation,MPA-Seasnakes-1521,1973/01/01,Aipysurus,apraefrontalis,,-12.200000,123.083330,,,,,,,,,,,,,,,,,
ala_records_2025-01-21,HumanObservation,MPA-Seasnakes-1487,,Aipysurus,apraefrontalis,,-12.200000,123.083330,,,,,,,,,,,,,,,,,
ala_records_2025-01-21,HumanObservation,MPA-Seasnakes-10300,1964/01/01,Aipysurus,apraefrontalis,,-20.600000,117.200000,,,,,,,,,,,,,,,,,
ala_records_2025-01-21,HumanObservation,MPA-Seasnakes-10307,2004/07/10,Aipysurus,apraefrontalis,,-22.100000,114.100000,,,,,,,,,,,,,,,,,
ala_records_2025-01-21,HumanObservation,MPA-Seasnakes-10301,1968/01/01,Aipysurus,apraefrontalis,,-22.000000,114.300000,,,,,,,,,,,,,,,,,
ala_records_2025-01-21,HumanObservation,MPA-Seasnakes-1499,,Aipysurus,apraefrontalis,,-12.200000,123.083330,,,,,,,,,,,,,,,,,
ala_records_2025-01-21,HumanObservation,MPA-Seasnakes-10310,1979/10/28,Aipysurus,apraefrontalis,,-19.550000,116.683300,,,,,,,,,,,M,,,,,,
ala_records_2025-01-21,HumanObservation,MPA-Seasnakes-1465,,Aipysurus,apraefrontalis,,-12.200000,123.083330,,,,,,,,,,,,,,,,,
ala_records_2025-01-21,HumanObservation,MPA-Seasnakes-10303,1965/02/01,Aipysurus,apraefrontalis,,-18.000000,122.200000,,,,,,,,,,,,,,,,,
ala_records_2025-01-21,HumanObservation,MPA-Seasnakes-10306,1965/06/10,Aipysurus,apraefrontalis,,-22.000000,114.300000,,,,,,,,,,,,,,,,,
ala_records_2025-01-21,HumanObservation,MPA-Seasnakes-10302,1971/01/01,Aipysurus,apraefrontalis,,-22.000000,114.300000,,,,,,,,,,,,,,,,,
ala_records_2025-01-21,HumanObservation,MPA-Seasnakes-1476,,Aipysurus,apraefrontalis,,-12.200000,123.083330,,,,,,,,,,,,,,,,,
ala_records_2025-01-21,HumanObservation,Snake-49,,Aipysurus,foliosquama,,-12.200000,122.900000,,,,,,,,,,,,,,,,,
ala_records_2025-01-21,HumanObservation,Snake-31,,Aipysurus,foliosquama,,-12.200000,123.100000,,,,,,,,,,,,,,,,,
ala_records_2025-01-21,HumanObservation,Snake-22,,Aipysurus,foliosquama,,-12.200000,123.100000,,,,,,,,,,,,,,,,,
ala_records_2025-01-21,HumanObservation,Snake-40,,Aipysurus,foliosquama,,-12.200000,122.900000,,,,,,,,,,,,,,,,,
ala_records_2025-01-21,HumanObservation,Snake-58,,Aipysurus,foliosquama,,-12.200000,122.900000,,,,,,,,,,,,,,,,,
ala_records_2025-01-21,PreservedSpecimen,1946.1.1.96,,Aipysurus,foliosquama,,,,,,,,,,,,,,,,,,,,
ala_records_2025-01-21,PreservedSpecimen,R.44456,,Aipysurus,foliosquama,,-12.200000,123.083000,,,,,,,,,,,,,,,,,
ala_records_2025-01-21,PreservedSpecimen,R.44446,,Aipysurus,foliosquama,,-12.200000,123.083000,,,,,,,,,,,,,,,,,
ala_records_2025-01-21,PreservedSpecimen,R.44592,,Aipysurus,foliosquama,,-12.200000,123.083000,,,,,,,,,,,,,,,,,
ala_records_2025-01-21,PreservedSpecimen,R.44597,,Aipysurus,foliosquama,,-12.200000,123.083000,,,,,,,,,,,,,,,,,
ala_records_2025-01-21,PreservedSpecimen,R.41516,,Aipysurus,foliosquama,,-12.000000,123.383000,,,,,,,,,,,,,,,,,
ala_records_2025-01-21,PreservedSpecimen,R.37137,,Aipysurus,foliosquama,,-12.233000,123.083000,,,,,,,,,,,,,,,,,
ala_records_2025-01-21,PreservedSpecimen,R.37134,1972/12/31,Aipysurus,foliosquama,,-12.200000,123.083000,,,,,,,,,,,,,,,,,
ala_records_2025-01-21,PreservedSpecimen,R.42701,,Aipysurus,foliosquama,,-12.200000,123.083000,,,,,,,,,,,,,,,,,
ala_records_2025-01-21,PreservedSpecimen,R.44899,,Aipysurus,foliosquama,,-12.200000,123.083000,,,,,,,,,,,,,,,,,
ala_records_2025-01-21,PreservedSpecimen,R.44890,,Aipysurus,foliosquama,,-12.200000,123.083000,,,,,,,,,,,,,,,,,
ala_records_2025-01-21,PreservedSpecimen,R.44619,,Aipysurus,foliosquama,,-12.200000,123.083000,,,,,,,,,,,,,,,,,
ala_records_2025-01-21,PreservedSpecimen,R.104810,1982/03/26,Aipysurus,foliosquama,,-19.600000,118.100000,,,,,,,,,,,,,,,,,
ala_records_2025-01-21,PreservedSpecimen,R.37143,,Aipysurus,foliosquama,,-12.200000,123.083000,,,,,,,,,,,,,,,,,
ala_records_2025-01-21,PreservedSpecimen,R.130010,,Aipysurus,foliosquama,,-12.250000,123.083000,,,,,,,,,,,,,,,,,
ala_records_2025-01-21,PreservedSpecimen,R.44872,,Aipysurus,foliosquama,,-12.200000,123.083000,,,,,,,,,,,,,,,,,
ala_records_2025-01-21,PreservedSpecimen,R.44906,,Aipysurus,foliosquama,,-12.200000,123.083000,,,,,,,,,,,,,,,,,
ala_records_2025-01-21,PreservedSpecimen,R.44646,,Aipysurus,foliosquama,,-12.200000,123.083000,,,,,,,,,,,,,,,,,
ala_records_2025-01-21,PreservedSpecimen,R.44896,,Aipysurus,foliosquama,,-12.200000,123.083000,,,,,,,,,,,,,,,,,
ala_records_2025-01-21,PreservedSpecimen,R.41522,1972/12/31,Aipysurus,foliosquama,,-12.200000,123.083000,,,,,,,,,,,,,,,,,
ala_records_2025-01-21,PreservedSpecimen,R.40489,1973/12/31,Aipysurus,foliosquama,,-12.200000,123.083000,,,,,,,,,,,,,,,,,
ala_records_2025-01-21,PreservedSpecimen,R.44877,,Aipysurus,foliosquama,,-12.200000,123.083000,,,,,,,,,,,,,,,,,
ala_records_2025-01-21,PreservedSpecimen,R.44576,,Aipysurus,foliosquama,,-12.200000,123.083000,,,,,,,,,,,,,,,,,
ala_records_2025-01-21,PreservedSpecimen,R.41542,1973/01/06,Aipysurus,foliosquama,,-12.200000,123.083000,,,,,,,,,,,,,,,,,
ala_records_2025-01-21,PreservedSpecimen,R.44902,,Aipysurus,foliosquama,,-12.200000,123.083000,,,,,,,,,,,,,,,,,
ala_records_2025-01-21,PreservedSpecimen,R.8994,,Aipysurus,foliosquama,,-12.250000,123.000000,,,,,,,,,,,,,,,,,
ala_records_2025-01-21,PreservedSpecimen,R.44443,,Aipysurus,foliosquama,,-12.200000,123.083000,,,,,,,,,,,,,,,,,
ala_records_2025-01-21,PreservedSpecimen,R.40492,,Aipysurus,foliosquama,,-12.200000,123.083000,,,,,,,,,,,,,,,,,
ala_records_2025-01-21,Preserved Specimen,R17782,1992/05/12,Aipysurus,foliosquama,,-12.000000,123.400000,,,,,,,,,,,,,,,,,
ala_records_2025-01-21,Preserved Specimen,R17783,1992/05/13,Aipysurus,foliosquama,,-12.000000,123.400000,,,,,,,,,,,,,,,,,
ala_records_2025-01-21,Preserved Specimen,R21666,1986/07/30,Aipysurus,foliosquama,,-12.200000,123.000000,,,,,,,,,,,,,,,,,
ala_records_2025-01-21,Preserved Specimen,R17779,1992/05/13,Aipysurus,foliosquama,,-12.000000,123.400000,,,,,,,,,,,,,,,,,
ala_records_2025-01-21,Preserved Specimen,R13328,1986/07/22,Aipysurus,foliosquama,,-12.200000,123.000000,,,,,,,,,,,,,,,,,
ala_records_2025-01-21,Preserved Specimen,R21271,1992/05/13,Aipysurus,foliosquama,,-12.000000,123.400000,,,,,,,,,,,,,,,,,
ala_records_2025-01-21,PreservedSpecimen,R68143,2001/12/04,Aipysurus,foliosquama,Ashmore Reef,,,,,,,,,,,,,M,,,,,,
ala_records_2025-01-21,PreservedSpecimen,R68144,2001/12/04,Aipysurus,foliosquama,Ashmore Reef,,,,,,,,,,,,,M,,,,,,
ala_records_2025-01-21,PreservedSpecimen,R68146,2001/12/04,Aipysurus,foliosquama,Ashmore Reef,,,,,,,,,,,,,F,,,,,,
ala_records_2025-01-21,PreservedSpecimen,R68145,2001/12/04,Aipysurus,foliosquama,Ashmore Reef,,,,,,,,,,,,,M,,,,,,
ala_records_2025-01-21,PreservedSpecimen,R68139,2001/12/04,Aipysurus,foliosquama,Ashmore Reef,,,,,,,,,,,,,F,,,,,,
ala_records_2025-01-21,PreservedSpecimen,R154747,2004/03/29,Aipysurus,foliosquama,,-26.400000,113.700000,,,,,,,,,,,F,,,,,,
ala_records_2025-01-21,PreservedSpecimen,R165709,2006/02/10,Aipysurus,foliosquama,,-25.200000,113.200000,,,,,,,,,,,F,,,,,,
ala_records_2025-01-21,PreservedSpecimen,R129802,1986/09/14,Aipysurus,foliosquama,,-12.300000,123.000000,,,,,,,,,,,,,,,,,
ala_records_2025-01-21,PreservedSpecimen,R129806,1986/09/17,Aipysurus,foliosquama,,-12.300000,123.000000,,,,,,,,,,,,,,,,,
ala_records_2025-01-21,HumanObservation,MPA-Seasnakes-835,,Aipysurus,foliosquama,,-12.200000,123.083330,,,,,,,,,,,,,,,,,
ala_records_2025-01-21,HumanObservation,MPA-Seasnakes-802,,Aipysurus,foliosquama,,-12.200000,123.083330,,,,,,,,,,,,,,,,,
ala_records_2025-01-21,HumanObservation,MPA-Seasnakes-768,,Aipysurus,foliosquama,,-12.200000,123.083330,,,,,,,,,,,,,,,,,
ala_records_2025-01-21,HumanObservation,MPA-Seasnakes-702,1973/01/01,Aipysurus,foliosquama,,-12.200000,123.083330,,,,,,,,,,,,,,,,,
ala_records_2025-01-21,HumanObservation,MPA-Seasnakes-979,1972/01/01,Aipysurus,foliosquama,,-12.233330,123.083330,,,,,,,,,,,,,,,,,
ala_records_2025-01-21,HumanObservation,MPA-Seasnakes-657,1972/12/31,Aipysurus,foliosquama,,-12.200000,123.083330,,,,,,,,,,,,,,,,,
ala_records_2025-01-21,HumanObservation,MPA-Seasnakes-946,,Aipysurus,foliosquama,,-12.200000,123.083330,,,,,,,,,,,,,,,,,
ala_records_2025-01-21,HumanObservation,MPA-Seasnakes-924,,Aipysurus,foliosquama,,-12.200000,123.083330,,,,,,,,,,,,,,,,,
ala_records_2025-01-21,HumanObservation,MPA-Seasnakes-902,,Aipysurus,foliosquama,,-12.200000,123.083330,,,,,,,,,,,,,,,,,
ala_records_2025-01-21,HumanObservation,MPA-Seasnakes-990,1973/01/01,Aipysurus,foliosquama,,-12.200000,123.083330,,,,,,,,,,,,,,,,,
ala_records_2025-01-21,HumanObservation,MPA-Seasnakes-680,1972/12/31,Aipysurus,foliosquama,,-12.200000,123.083330,,,,,,,,,,,,,,,,,
ala_records_2025-01-21,HumanObservation,MPA-Seasnakes-957,,Aipysurus,foliosquama,,-12.200000,123.083330,,,,,,,,,,,,,,,,,
ala_records_2025-01-21,HumanObservation,MPA-Seasnakes-10343,1986/09/19,Aipysurus,foliosquama,,-12.283300,123.033300,,,,,,,,,,,,,,,,,
ala_records_2025-01-21,HumanObservation,MPA-Seasnakes-1013,1986/07/01,Aipysurus,foliosquama,,-12.250000,123.083330,,,,,,,,,,,,,,,,,
ala_records_2025-01-21,HumanObservation,MPA-Seasnakes-879,,Aipysurus,foliosquama,,-12.200000,123.083330,,,,,,,,,,,,,,,,,
ala_records_2025-01-21,HumanObservation,MPA-Seasnakes-935,,Aipysurus,foliosquama,,-12.200000,123.083330,,,,,,,,,,,,,,,,,
ala_records_2025-01-21,HumanObservation,MPA-Seasnakes-868,,Aipysurus,foliosquama,,-12.200000,123.083330,,,,,,,,,,,,,,,,,
ala_records_2025-01-21,HumanObservation,MPA-Seasnakes-635,1972/12/31,Aipysurus,foliosquama,,-12.200000,123.083330,,,,,,,,,,,,,,,,,
ala_records_2025-01-21,HumanObservation,MPA-Seasnakes-791,,Aipysurus,foliosquama,,-12.200000,123.083330,,,,,,,,,,,,,,,,,
ala_records_2025-01-21,HumanObservation,MPA-Seasnakes-724,1973/01/10,Aipysurus,foliosquama,,-12.200000,123.083330,,,,,,,,,,,,,,,,,
ala_records_2025-01-21,HumanObservation,MPA-Seasnakes-691,1973/01/01,Aipysurus,foliosquama,,-12.200000,123.083330,,,,,,,,,,,,,,,,,
ala_records_2025-01-21,HumanObservation,MPA-Seasnakes-669,1972/12/31,Aipysurus,foliosquama,,-12.200000,123.083330,,,,,,,,,,,,,,,,,
ala_records_2025-01-21,HumanObservation,MPA-Seasnakes-846,,Aipysurus,foliosquama,,-12.200000,123.083330,,,,,,,,,,,,,,,,,
ala_records_2025-01-21,HumanObservation,MPA-Seasnakes-857,,Aipysurus,foliosquama,,-12.200000,123.083330,,,,,,,,,,,,,,,,,
ala_records_2025-01-21,HumanObservation,MPA-Seasnakes-824,,Aipysurus,foliosquama,,-12.200000,123.083330,,,,,,,,,,,,,,,,,
ala_records_2025-01-21,HumanObservation,MPA-Seasnakes-913,,Aipysurus,foliosquama,,-12.200000,123.083330,,,,,,,,,,,,,,,,,
ala_records_2025-01-21,HumanObservation,MPA-Seasnakes-713,1973/01/06,Aipysurus,foliosquama,,-12.200000,123.083330,,,,,,,,,,,,,,,,,
ala_records_2025-01-21,HumanObservation,MPA-Seasnakes-813,,Aipysurus,foliosquama,,-12.200000,123.083330,,,,,,,,,,,,,,,,,
ala_records_2025-01-21,HumanObservation,MPA-Seasnakes-10340,1986/09/14,Aipysurus,foliosquama,,-12.283300,123.033300,,,,,,,,,,,,,,,,,
ala_records_2025-01-21,HumanObservation,MPA-Seasnakes-968,,Aipysurus,foliosquama,,-12.000000,123.383330,,,,,,,,,,,,,,,,,
ala_records_2025-01-21,HumanObservation,MPA-Seasnakes-780,,Aipysurus,foliosquama,,-12.200000,123.083330,,,,,,,,,,,,,,,,,
ala_records_2025-01-21,HumanObservation,MPA-Seasnakes-10344,,Aipysurus,foliosquama,,-12.250000,123.000000,,,,,,,,,,,,,,,,,
ala_records_2025-01-21,HumanObservation,MPA-Seasnakes-746,1973/12/31,Aipysurus,foliosquama,,-12.200000,123.083330,,,,,,,,,,,,,,,,,
ala_records_2025-01-21,HumanObservation,MPA-Seasnakes-10342,1986/09/18,Aipysurus,foliosquama,,-12.283300,123.033300,,,,,,,,,,,,,,,,,
ala_records_2025-01-21,HumanObservation,MPA-Seasnakes-891,,Aipysurus,foliosquama,,-12.200000,123.083330,,,,,,,,,,,,,,,,,
ala_records_2025-01-21,HumanObservation,MPA-Seasnakes-10341,1986/09/17,Aipysurus,foliosquama,,-12.283300,123.033300,,,,,,,,,,,,,,,,,
ala_records_2025-01-21,HumanObservation,MPA-Seasnakes-1002,1973/01/01,Aipysurus,foliosquama,,-12.200000,123.083330,,,,,,,,,,,,,,,,,
ala_records_2025-01-21,HumanObservation,MPA-Seasnakes-646,1972/12/31,Aipysurus,foliosquama,,-12.200000,123.083330,,,,,,,,,,,,,,,,,
ala_records_2025-01-21,HumanObservation,MPA-Seasnakes-735,1973/01/11,Aipysurus,foliosquama,,-12.250000,123.083330,,,,,,,,,,,,,,,,,
preATM_theOneSpreadsheet,,KLS 0701,2016/07/30,Aipysurus,apraefrontalis,Exmouth Gulf,,,,,,,,,,,,,,,,,,,
preATM_theOneSpreadsheet,,KLS 0717,2016/08/09,Aipysurus,apraefrontalis,Exmouth Gulf,,,,,,,,,,,,,,,,,,,
preATM_theOneSpreadsheet,,KLS 0730,2016/10/12,Aipysurus,apraefrontalis,Exmouth Gulf,,,,,,,,,,,,,,,,,,,
preATM_theOneSpreadsheet,,KLS 0732,2016/11/02,Aipysurus,apraefrontalis,Exmouth Gulf,,,,,,,,,,,,,,,,,,,
preATM_theOneSpreadsheet,,KLS 0802,2017/04/18,Aipysurus,apraefrontalis,Exmouth Gulf,,,,,,,,,,,,,,,,,,,
preATM_theOneSpreadsheet,,KLS 0803,2017/04/18,Aipysurus,apraefrontalis,Exmouth Gulf,,,,,,,,,,,,,,,,,,,
preATM_theOneSpreadsheet,,KLS 0806,2017/04/18,Aipysurus,apraefrontalis,Exmouth Gulf,,,,,,,,,,,,,,,,,,,
preATM_theOneSpreadsheet,,KLS 0809,2017/04/19,Aipysurus,apraefrontalis,Exmouth Gulf,,,,,,,,,,,,,,,,,,,
preATM_theOneSpreadsheet,,KLS 0811,2017/04/19,Aipysurus,apraefrontalis,Exmouth Gulf,,,,,,,,,,,,,,,,,,,
preATM_theOneSpreadsheet,,KLS 0812,2017/04/19,Aipysurus,apraefrontalis,Exmouth Gulf,,,,,,,,,,,,,,,,,,,
preATM_theOneSpreadsheet,,KLS 0820,2017/04/20,Aipysurus,apraefrontalis,Exmouth Gulf,,,,,,,,,,,,,,,,,,,
preATM_theOneSpreadsheet,,KLS 0824,2017/04/20,Aipysurus,apraefrontalis,Exmouth Gulf,,,,,,,,,,,,,,,,,,,
preATM_theOneSpreadsheet,,KLS 0828,2017/04/21,Aipysurus,apraefrontalis,Exmouth Gulf,,,,,,,,,,,,,,,,,,,
preATM_theOneSpreadsheet,,KLS 0832,2017/04/21,Aipysurus,apraefrontalis,Exmouth Gulf,,,,,,,,,,,,,,,,,,,
preATM_theOneSpreadsheet,,KLS 0833,2017/04/21,Aipysurus,apraefrontalis,Exmouth Gulf,,,,,,,,,,,,,,,,,,,
preATM_theOneSpreadsheet,,KLS 0834,2017/04/21,Aipysurus,apraefrontalis,Exmouth Gulf,,,,,,,,,,,,,,,,,,,
preATM_theOneSpreadsheet,,KLS 0838,2017/04/21,Aipysurus,apraefrontalis,Exmouth Gulf,,,,,,,,,,,,,,,,,,,
preATM_theOneSpreadsheet,,KLS 0840,2017/04/21,Aipysurus,apraefrontalis,Exmouth Gulf,,,,,,,,,,,,,,,,,,,
preATM_theOneSpreadsheet,,KLS 0841,2017/04/21,Aipysurus,apraefrontalis,Exmouth Gulf,,,,,,,,,,,,,,,,,,,
preATM_theOneSpreadsheet,,KLS 0844,2017/04/25,Aipysurus,apraefrontalis,Exmouth Gulf,,,,,,,,,,,,,,,,,,,
preATM_theOneSpreadsheet,,KLS 0852,2017/04/27,Aipysurus,apraefrontalis,Exmouth Gulf,,,,,,,,,,,,,,,,,,,
preATM_theOneSpreadsheet,,KLS 0859,2017/05/03,Aipysurus,apraefrontalis,Exmouth Gulf,,,,,,,,,,,,,,,,,,,
preATM_theOneSpreadsheet,,KLS 0860,2017/05/09,Aipysurus,apraefrontalis,Exmouth Gulf,,,,,,,,,,,,,,,,,,,
preATM_theOneSpreadsheet,,KLS 0868,2017/05/10,Aipysurus,apraefrontalis,Exmouth Gulf,,,,,,,,,,,,,,,,,,,
preATM_theOneSpreadsheet,,KLS 0899,2017/05/03,Aipysurus,apraefrontalis,Exmouth Gulf,,,,,,,,,,,,,,,,,,,
preATM_theOneSpreadsheet,,KLS 0900,2017/05/03,Aipysurus,apraefrontalis,Exmouth Gulf,,,,,,,,,,,,,,,,,,,
preATM_theOneSpreadsheet,,KLS 0902,2017/05/03,Aipysurus,apraefrontalis,Exmouth Gulf,,,,,,,,,,,,,,,,,,,
preATM_theOneSpreadsheet,,KLS 0911,2017/04/19,Aipysurus,apraefrontalis,Exmouth Gulf,-22.198333,114.311550,,,,,,,,,,,F,,,,,,
preATM_theOneSpreadsheet,,KLS 0912,2017/04/21,Aipysurus,apraefrontalis,Exmouth Gulf,,,,,,,,,,,,,M,,,,,,
preATM_theOneSpreadsheet,,KLS 0921,2017/04/24,Aipysurus,apraefrontalis,Exmouth Gulf,,,,,,,,,,,,,,,,,,,
preATM_theOneSpreadsheet,,KLS 0934,2017/05/06,Aipysurus,apraefrontalis,Exmouth Gulf,,,,,,,,,,,,,,,,,,,
preATM_theOneSpreadsheet,,KLS 0937,2017/05/06,Aipysurus,apraefrontalis,Exmouth Gulf,,,,,,,,,,,,,,,,,,,
preATM_theOneSpreadsheet,,KLS 0999,2017/05/17,Aipysurus,apraefrontalis,Exmouth Gulf,,,,,,,,,,,,,M,,,,,,
preATM_theOneSpreadsheet,,KLS 1000,2017/05/17,Aipysurus,apraefrontalis,Exmouth Gulf,,,,,,,,,,,,,F,,,,,,
preATM_theOneSpreadsheet,Trawled,KLS 1435,2023/05/23,Aipysurus,apraefrontalis,Exmouth Gulf,-22.105330,114.209170,,,,,,,,,,,F,410.0,80.0,8.0,445450,,
preATM_theOneSpreadsheet,Trawled,KLS 1436,2023/05/24,Aipysurus,apraefrontalis,Exmouth Gulf,-22.120333,114.321000,,,,,,,,,,,,,87.0,98.0,445386,,
preATM_theOneSpreadsheet,Trawled,KLS 1454,2023/05/29,Aipysurus,apraefrontalis,Exmouth Gulf,-22.124500,114.134833,,,,,,,,,,,F,,,,,,
preATM_theOneSpreadsheet,Trawled,KLS 1457,2023/05/29,Aipysurus,apraefrontalis,Exmouth Gulf,-22.124500,114.134830,,,,,,,,,,,M,460.0,87.0,10.0,445444,,
preATM_theOneSpreadsheet,Trawled,KLS 1459,2023/05/27,Aipysurus,apraefrontalis,Exmouth Gulf,-22.134833,114.200500,,,,,,,,,,,,375.0,78.0,11.0,445381,,
preATM_theOneSpreadsheet,Trawled,KLS 1465,2023/05/31,Aipysurus,apraefrontalis,Exmouth Gulf,,,,,,,,,,,,,,,80.0,9.0,,,
preATM_theOneSpreadsheet,Trawled,KLS 1468,2023/05/31,Aipysurus,apraefrontalis,Exmouth Gulf,-22.090333,114.246667,,,,,,,,,,,M,,79.0,10.0,445382,,
preATM_theOneSpreadsheet,,KLS 1477,2023/06/04,Aipysurus,apraefrontalis,Exmouth Gulf,,,,,,,,,,,,,F,,,,,,
preATM_theOneSpreadsheet,Trawled,KLS 1484,2023/06/03,Aipysurus,apraefrontalis,Exmouth Gulf,,,,,,,,,,,,,M,160.0,72.0,9.0,445400,,
preATM_theOneSpreadsheet,Trawled,KLS 1486,2023/06/03,Aipysurus,apraefrontalis,Exmouth Gulf,,,,,,,,,,,,,,290.0,87.0,9.0,,,
preATM_theOneSpreadsheet,,KLS 1490,2023/06/04,Aipysurus,apraefrontalis,Exmouth Gulf,,,,,,,,,,,,,F,,,,,,
preATM_theOneSpreadsheet,,KLS 1509,2023/05/28,Aipysurus,apraefrontalis,Exmouth Gulf,,,,,,,,,,,,,,,,,,,
preATM_theOneSpreadsheet,,Afo #1,,Aipysurus,foliosquama,Ashmore Reef,,,,,,,,,,,,,,,,,,,
preATM_theOneSpreadsheet,,Afo #10,,Aipysurus,foliosquama,Ashmore Reef,,,,,,,,,,,,,,,,,,,
preATM_theOneSpreadsheet,,Afo #2,,Aipysurus,foliosquama,Ashmore Reef,,,,,,,,,,,,,,,,,,,
preATM_theOneSpreadsheet,,Afo #3,,Aipysurus,foliosquama,Ashmore Reef,,,,,,,,,,,,,,,,,,,
preATM_theOneSpreadsheet,,Afo #4,,Aipysurus,foliosquama,Ashmore Reef,,,,,,,,,,,,,,,,,,,
preATM_theOneSpreadsheet,,KLS 0724,2016/08/30,Aipysurus,foliosquama,Exmouth Gulf,,,,,,,,,,,,,,,,,,,
preATM_theOneSpreadsheet,,KLS 0725,2016/08/30,Aipysurus,foliosquama,Exmouth Gulf,,,,,,,,,,,,,,,,,,,
preATM_theOneSpreadsheet,Trawled,KLS 1001,2017/06/14,Aipysurus,foliosquama,Shark Bay,,,-25.109933,113.327333,-25.115600,113.329992,-25.121267,113.332650,,,,,M,,,,,,
preATM_theOneSpreadsheet,Trawled,KLS 1004,2017/06/19,Aipysurus,foliosquama,Shark Bay,,,-25.575050,113.203067,-25.565483,113.202317,-25.555917,113.201567,,,,,M,,,,,,
preATM_theOneSpreadsheet,Trawled,KLS 1005,2017/06/19,Aipysurus,foliosquama,Shark Bay,,,-25.593517,113.115583,-25.587592,113.106708,-25.581667,113.097833,,,,,M,,,,,,
preATM_theOneSpreadsheet,Trawled,KLS 1006,2017/06/20,Aipysurus,foliosquama,Shark Bay,,,-25.727467,113.219183,-25.736358,113.219325,-25.745250,113.219467,,,,,F,,,,,,
preATM_theOneSpreadsheet,,KLS 1202,2022/03/14,Aipysurus,foliosquama,Pilbara,-20.050212,118.288886,,,,,,,,,,,F,,74.0,8.0,,,
ATM_DPIRDFisheriesSurvey,Trawled,23.03.apraefrontalis,2025/03/23,Aipysurus,apraefrontalis,Exmouth Gulf,,,-21.996333,114.401083,-22.030809,114.373449,-22.065285,114.345814,,,13.60,90,,,,,,,
